{"stats":{"minecraft:mined":{"minecraft:tuff":9,"minecraft:deepslate_diamond_ore":38,"minecraft:grass_block":2,"minecraft:jungle_log":7,"minecraft:spawner":1,"minecraft:furnace":9,"minecraft:cobbled_deepslate":8,"minecraft:iron_ore":45,"minecraft:andesite":3,"minecraft:anvil":1,"minecraft:deepslate_lapis_ore":4,"minecraft:deepslate_iron_ore":35,"minecraft:vine":2,"minecraft:stone":93,"minecraft:deepslate_redstone_ore":2,"minecraft:crafting_table":7,"minecraft:torch":10,"minecraft:short_grass":3,"minecraft:melon":7,"minecraft:cobblestone":5,"minecraft:deepslate_gold_ore":4,"minecraft:lapis_ore":1,"minecraft:sugar_cane":5,"minecraft:wall_torch":9,"minecraft:oak_log":28,"minecraft:coal_ore":40,"minecraft:cocoa":1,"minecraft:dirt":5,"minecraft:gravel":7,"minecraft:fern":1,"minecraft:deepslate":208,"minecraft:oak_leaves":1},"minecraft:dropped":{"minecraft:water_bucket":1,"minecraft:oak_log":3,"minecraft:jungle_planks":4,"minecraft:dirt":1,"minecraft:torch":10,"minecraft:mutton":2,"minecraft:iron_pickaxe":1,"minecraft:string":15,"minecraft:white_wool":1,"minecraft:gravel":6,"minecraft:stone_sword":1,"minecraft:cobbled_deepslate":30,"minecraft:oak_planks":2,"minecraft:diamond_pickaxe":2,"minecraft:iron_chestplate":1,"minecraft:andesite":3,"minecraft:stone_pickaxe":1,"minecraft:wooden_pickaxe":2},"minecraft:crafted":{"minecraft:oak_planks":24,"minecraft:cooked_chicken":1,"minecraft:furnace":2,"minecraft:diamond_helmet":1,"minecraft:bow":1,"minecraft:diamond_leggings":1,"minecraft:stone_pickaxe":1,"minecraft:diamond_boots":1,"minecraft:cooked_beef":28,"minecraft:diamond_sword":1,"minecraft:cooked_porkchop":2,"minecraft:crafting_table":4,"minecraft:jungle_boat":2,"minecraft:wooden_pickaxe":1,"minecraft:bucket":1,"minecraft:stone_axe":1,"minecraft:air":0,"minecraft:jungle_planks":28,"minecraft:iron_chestplate":1,"minecraft:charcoal":2,"minecraft:diamond_pickaxe":2,"minecraft:stick":28,"minecraft:iron_ingot":60,"minecraft:iron_pickaxe":1,"minecraft:stone_sword":1,"minecraft:iron_block":3,"minecraft:anvil":1,"minecraft:torch":20,"minecraft:diamond_chestplate":1},"minecraft:picked_up":{"minecraft:cocoa_beans":3,"minecraft:crafting_table":7,"minecraft:chicken":3,"minecraft:anvil":1,"minecraft:lead":2,"minecraft:wooden_pickaxe":1,"minecraft:string":24,"minecraft:cobbled_deepslate":202,"minecraft:beef":32,"minecraft:melon_slice":36,"minecraft:sugar_cane":7,"minecraft:furnace":9,"minecraft:raw_iron":80,"minecraft:torch":61,"minecraft:porkchop":3,"minecraft:carrot":1,"minecraft:redstone":10,"minecraft:rotten_flesh":35,"minecraft:arrow":9,"minecraft:mutton":2,"minecraft:white_wool":1,"minecraft:cobblestone":89,"minecraft:feather":3,"minecraft:jungle_log":7,"minecraft:water_bucket":1,"minecraft:andesite":3,"minecraft:leather":20,"minecraft:tuff":3,"minecraft:oak_log":29,"minecraft:lapis_lazuli":39,"minecraft:dirt":30,"minecraft:bone":17,"minecraft:raw_gold":5,"minecraft:iron_ingot":1,"minecraft:oak_planks":2,"minecraft:gravel":8,"minecraft:jungle_planks":1,"minecraft:spider_eye":4,"minecraft:slime_ball":6,"minecraft:diamond":38,"minecraft:coal":95,"minecraft:diamond_pickaxe":1},"minecraft:used":{"minecraft:stone_sword":71,"minecraft:cooked_chicken":3,"minecraft:iron_chestplate":1,"minecraft:torch":62,"minecraft:dirt":28,"minecraft:anvil":1,"minecraft:diamond_helmet":1,"minecraft:tuff":3,"minecraft:bow":3,"minecraft:beef":3,"minecraft:furnace":9,"minecraft:cooked_beef":21,"minecraft:cobbled_deepslate":164,"minecraft:water_bucket":23,"minecraft:diamond_boots":1,"minecraft:stone_pickaxe":7,"minecraft:wooden_pickaxe":18,"minecraft:jungle_boat":2,"minecraft:crafting_table":10,"minecraft:diamond_pickaxe":466,"minecraft:melon_slice":23,"minecraft:iron_pickaxe":22,"minecraft:gravel":2,"minecraft:stone_axe":55,"minecraft:diamond_sword":162,"minecraft:cobblestone":46,"minecraft:cooked_porkchop":2,"minecraft:porkchop":1,"minecraft:bucket":24,"minecraft:diamond_leggings":1},"minecraft:killed":{"minecraft:spider":9,"minecraft:slime":7,"minecraft:skeleton":12,"minecraft:chicken":2,"minecraft:pig":3,"minecraft:zombie_villager":1,"minecraft:bat":1,"minecraft:wandering_trader":1,"minecraft:creeper":2,"minecraft:sheep":1,"minecraft:trader_llama":2,"minecraft:zombie":29,"minecraft:cow":15,"minecraft:enderman":1},"minecraft:custom":{"minecraft:mob_kills":86,"minecraft:interact_with_anvil":2,"minecraft:interact_with_crafting_table":22,"minecraft:bell_ring":12,"minecraft:leave_game":2,"minecraft:time_since_death":107936,"minecraft:climb_one_cm":206,"minecraft:sprint_one_cm":292671,"minecraft:walk_one_cm":289917,"minecraft:drop":23,"minecraft:talked_to_villager":2,"minecraft:play_time":107936,"minecraft:sneak_time":8773,"minecraft:walk_under_water_one_cm":10166,"minecraft:boat_one_cm":82545,"minecraft:jump":2081,"minecraft:walk_on_water_one_cm":20830,"minecraft:total_world_time":107936,"minecraft:interact_with_furnace":75,"minecraft:sleep_in_bed":1,"minecraft:time_since_rest":24693,"minecraft:damage_taken":2449,"minecraft:damage_dealt":13441,"minecraft:fly_one_cm":353385,"minecraft:swim_one_cm":15352,"minecraft:open_chest":3,"minecraft:crouch_one_cm":30576,"minecraft:fall_one_cm":69788}},"DataVersion":3839}