{"stats":{"minecraft:used":{"minecraft:water_bucket":4,"minecraft:stone_sword":20,"minecraft:stone_pickaxe":317,"minecraft:oak_planks":44,"minecraft:wooden_pickaxe":109,"minecraft:cooked_salmon":2,"minecraft:wooden_shovel":69,"minecraft:iron_sword":1,"minecraft:rotten_flesh":2,"minecraft:iron_chestplate":1,"minecraft:torch":16,"minecraft:dirt":3,"minecraft:mutton":1,"minecraft:crafting_table":12,"minecraft:chicken":2,"minecraft:bread":3,"minecraft:iron_pickaxe":121,"minecraft:cobblestone":15,"minecraft:porkchop":2,"minecraft:bucket":3,"minecraft:egg":2,"minecraft:oak_boat":5,"minecraft:cooked_beef":1,"minecraft:cobbled_deepslate":21},"minecraft:crafted":{"minecraft:cooked_beef":1,"minecraft:oak_planks":220,"minecraft:wooden_shovel":2,"minecraft:stone_shovel":1,"minecraft:crafting_table":12,"minecraft:wooden_pickaxe":4,"minecraft:oak_boat":2,"minecraft:stick":92,"minecraft:stone_pickaxe":5,"minecraft:stone_sword":3},"minecraft:killed":{"minecraft:wolf":1,"minecraft:pig":1,"minecraft:spider":1,"minecraft:sheep":3,"minecraft:skeleton":1,"minecraft:zombie":1,"minecraft:chicken":2},"minecraft:broken":{"minecraft:stone_pickaxe":2},"minecraft:killed_by":{"minecraft:skeleton":4,"minecraft:creeper":1,"minecraft:spider":3,"minecraft:witch":1,"minecraft:zombie":4},"minecraft:mined":{"minecraft:tuff":1,"minecraft:deepslate_diamond_ore":8,"minecraft:glow_lichen":1,"minecraft:crafting_table":2,"minecraft:torch":5,"minecraft:granite":13,"minecraft:short_grass":19,"minecraft:grass_block":28,"minecraft:deepslate_gold_ore":9,"minecraft:lapis_ore":1,"minecraft:diorite":9,"minecraft:wall_torch":6,"minecraft:iron_ore":2,"minecraft:birch_leaves":2,"minecraft:andesite":5,"minecraft:deepslate_lapis_ore":4,"minecraft:coal_ore":14,"minecraft:oak_log":52,"minecraft:deepslate_iron_ore":18,"minecraft:gravel":18,"minecraft:dirt":74,"minecraft:bamboo":2,"minecraft:stone":233,"minecraft:oak_leaves":35,"minecraft:deepslate":170,"minecraft:fern":6},"minecraft:picked_up":{"minecraft:iron_chestplate":3,"minecraft:crafting_table":2,"minecraft:wheat":2,"minecraft:feather":4,"minecraft:chicken":2,"minecraft:glow_ink_sac":1,"minecraft:water_bucket":2,"minecraft:andesite":6,"minecraft:wooden_pickaxe":1,"minecraft:flint":4,"minecraft:oak_log":55,"minecraft:gunpowder":2,"minecraft:string":3,"minecraft:lapis_lazuli":84,"minecraft:dirt":151,"minecraft:cooked_salmon":3,"minecraft:name_tag":1,"minecraft:iron_leggings":2,"minecraft:bone":7,"minecraft:wheat_seeds":37,"minecraft:cobbled_deepslate":189,"minecraft:raw_gold":17,"minecraft:iron_ingot":1,"minecraft:stone_pickaxe":3,"minecraft:cooked_chicken":4,"minecraft:oak_boat":5,"minecraft:poppy":1,"minecraft:iron_pickaxe":5,"minecraft:bamboo":14,"minecraft:iron_sword":1,"minecraft:oak_planks":59,"minecraft:iron_boots":2,"minecraft:furnace":1,"minecraft:egg":3,"minecraft:raw_iron":22,"minecraft:stick":15,"minecraft:torch":39,"minecraft:quartz":13,"minecraft:gravel":103,"minecraft:porkchop":2,"minecraft:diorite":64,"minecraft:spider_eye":3,"minecraft:iron_horse_armor":1,"minecraft:stone_sword":4,"minecraft:arrow":5,"minecraft:stone_shovel":1,"minecraft:rotten_flesh":8,"minecraft:diamond":8,"minecraft:stone_axe":1,"minecraft:iron_helmet":2,"minecraft:granite":32,"minecraft:gray_wool":2,"minecraft:golden_horse_armor":1,"minecraft:bread":13,"minecraft:oak_sapling":5,"minecraft:mutton":11,"minecraft:coal":88,"minecraft:white_wool":6,"minecraft:cobblestone":594,"minecraft:diamond_pickaxe":1},"minecraft:dropped":{"minecraft:bread":2,"minecraft:furnace":1,"minecraft:wheat_seeds":34,"minecraft:lapis_lazuli":54,"minecraft:cooked_chicken":2,"minecraft:stone_sword":1,"minecraft:cobbled_deepslate":99,"minecraft:golden_horse_armor":1,"minecraft:wheat":2,"minecraft:raw_iron":4,"minecraft:stone_shovel":1,"minecraft:feather":3,"minecraft:cobblestone":129,"minecraft:oak_planks":59,"minecraft:granite":32,"minecraft:name_tag":1,"minecraft:coal":64,"minecraft:diorite":32,"minecraft:oak_sapling":5,"minecraft:spider_eye":1,"minecraft:arrow":3,"minecraft:stone_pickaxe":1,"minecraft:wooden_pickaxe":1,"minecraft:raw_gold":8,"minecraft:iron_pickaxe":1,"minecraft:egg":1},"minecraft:custom":{"minecraft:interact_with_furnace":6,"minecraft:mob_kills":10,"minecraft:interact_with_crafting_table":19,"minecraft:leave_game":2,"minecraft:time_since_death":1738,"minecraft:sleep_in_bed":3,"minecraft:climb_one_cm":2355,"minecraft:time_since_rest":1767,"minecraft:sprint_one_cm":249131,"minecraft:damage_taken":5568,"minecraft:walk_one_cm":514103,"minecraft:drop":39,"minecraft:damage_dealt":1529,"minecraft:swim_one_cm":14615,"minecraft:fly_one_cm":119634,"minecraft:talked_to_villager":1,"minecraft:open_chest":1,"minecraft:play_time":251337,"minecraft:crouch_one_cm":433,"minecraft:sneak_time":746,"minecraft:deaths":19,"minecraft:walk_under_water_one_cm":24068,"minecraft:boat_one_cm":300145,"minecraft:jump":1557,"minecraft:walk_on_water_one_cm":24591,"minecraft:total_world_time":251337,"minecraft:fall_one_cm":54361}},"DataVersion":3839}