{"stats":{"minecraft:used":{"minecraft:stone_sword":27,"minecraft:chest":3,"minecraft:iron_sword":1,"minecraft:wooden_shovel":90,"minecraft:cooked_salmon":2,"minecraft:rotten_flesh":2,"minecraft:oak_door":1,"minecraft:iron_chestplate":1,"minecraft:orange_bed":2,"minecraft:torch":31,"minecraft:dirt":21,"minecraft:mutton":1,"minecraft:wooden_axe":11,"minecraft:furnace":4,"minecraft:oak_sapling":1,"minecraft:egg":2,"minecraft:cooked_beef":1,"minecraft:cobbled_deepslate":21,"minecraft:wheat_seeds":49,"minecraft:water_bucket":4,"minecraft:stone_pickaxe":317,"minecraft:oak_planks":45,"minecraft:wooden_pickaxe":168,"minecraft:tnt":4,"minecraft:crafting_table":18,"minecraft:white_bed":2,"minecraft:chicken":2,"minecraft:bread":9,"minecraft:iron_pickaxe":386,"minecraft:wooden_sword":13,"minecraft:cobblestone":118,"minecraft:porkchop":10,"minecraft:bucket":3,"minecraft:oak_boat":7},"minecraft:crafted":{"minecraft:wooden_sword":1,"minecraft:oak_door":3,"minecraft:oak_planks":284,"minecraft:stone_shovel":1,"minecraft:furnace":5,"minecraft:iron_boots":1,"minecraft:stone_pickaxe":5,"minecraft:chest":1,"minecraft:cooked_beef":1,"minecraft:wooden_shovel":3,"minecraft:crafting_table":17,"minecraft:wooden_pickaxe":5,"minecraft:air":0,"minecraft:oak_boat":4,"minecraft:iron_chestplate":1,"minecraft:stick":108,"minecraft:iron_ingot":14,"minecraft:iron_pickaxe":2,"minecraft:wooden_axe":1,"minecraft:stone_sword":4,"minecraft:iron_leggings":1,"minecraft:torch":24},"minecraft:killed":{"minecraft:spider":1,"minecraft:skeleton":1,"minecraft:chicken":2,"minecraft:wolf":1,"minecraft:pig":5,"minecraft:sheep":3,"minecraft:zombie":2},"minecraft:broken":{"minecraft:wooden_pickaxe":1,"minecraft:stone_pickaxe":2,"minecraft:iron_pickaxe":1},"minecraft:killed_by":{"minecraft:creeper":1,"minecraft:spider":3,"minecraft:skeleton":6,"minecraft:witch":1,"minecraft:zombie":4},"minecraft:mined":{"minecraft:tuff":1,"minecraft:white_bed":1,"minecraft:deepslate_diamond_ore":8,"minecraft:glow_lichen":1,"minecraft:granite":23,"minecraft:grass_block":30,"minecraft:iron_ore":13,"minecraft:andesite":5,"minecraft:deepslate_lapis_ore":4,"minecraft:dirt_path":1,"minecraft:deepslate_iron_ore":18,"minecraft:bamboo":2,"minecraft:stone":462,"minecraft:spruce_slab":5,"minecraft:orange_bed":2,"minecraft:crafting_table":3,"minecraft:torch":6,"minecraft:short_grass":26,"minecraft:chest":2,"minecraft:cobblestone":5,"minecraft:copper_ore":7,"minecraft:lapis_ore":1,"minecraft:deepslate_gold_ore":9,"minecraft:diorite":9,"minecraft:wall_torch":9,"minecraft:seagrass":1,"minecraft:wheat":58,"minecraft:birch_leaves":2,"minecraft:oak_log":68,"minecraft:coal_ore":60,"minecraft:sand":1,"minecraft:gravel":18,"minecraft:dirt":96,"minecraft:acacia_planks":1,"minecraft:oak_leaves":36,"minecraft:deepslate":170,"minecraft:fern":6},"minecraft:picked_up":{"minecraft:crafting_table":3,"minecraft:iron_chestplate":3,"minecraft:wheat":58,"minecraft:chicken":2,"minecraft:wooden_pickaxe":1,"minecraft:raw_copper":29,"minecraft:string":3,"minecraft:cooked_salmon":3,"minecraft:iron_leggings":2,"minecraft:cobbled_deepslate":189,"minecraft:oak_boat":6,"minecraft:poppy":1,"minecraft:iron_pickaxe":5,"minecraft:spruce_slab":5,"minecraft:chest":2,"minecraft:egg":3,"minecraft:iron_boots":2,"minecraft:furnace":1,"minecraft:stick":17,"minecraft:raw_iron":33,"minecraft:torch":43,"minecraft:porkchop":10,"minecraft:diorite":64,"minecraft:iron_horse_armor":1,"minecraft:orange_bed":2,"minecraft:rotten_flesh":10,"minecraft:stone_sword":4,"minecraft:arrow":5,"minecraft:stone_shovel":1,"minecraft:mutton":11,"minecraft:white_wool":6,"minecraft:cobblestone":825,"minecraft:feather":4,"minecraft:water_bucket":2,"minecraft:glow_ink_sac":1,"minecraft:andesite":6,"minecraft:flint":4,"minecraft:oak_log":71,"minecraft:gunpowder":2,"minecraft:lapis_lazuli":84,"minecraft:dirt":175,"minecraft:name_tag":1,"minecraft:bone":9,"minecraft:acacia_planks":1,"minecraft:kelp":34,"minecraft:wheat_seeds":304,"minecraft:raw_gold":17,"minecraft:iron_ingot":1,"minecraft:cooked_chicken":4,"minecraft:stone_pickaxe":3,"minecraft:tall_grass":1,"minecraft:bamboo":14,"minecraft:oak_planks":59,"minecraft:iron_sword":1,"minecraft:quartz":13,"minecraft:gravel":103,"minecraft:white_bed":1,"minecraft:spider_eye":3,"minecraft:diamond":8,"minecraft:stone_axe":1,"minecraft:iron_helmet":2,"minecraft:granite":42,"minecraft:gray_wool":2,"minecraft:golden_horse_armor":1,"minecraft:bread":13,"minecraft:oak_sapling":7,"minecraft:coal":133,"minecraft:diamond_pickaxe":1},"minecraft:dropped":{"minecraft:bread":2,"minecraft:wheat_seeds":140,"minecraft:lapis_lazuli":54,"minecraft:golden_horse_armor":1,"minecraft:cobblestone":129,"minecraft:feather":3,"minecraft:granite":32,"minecraft:coal":64,"minecraft:diorite":32,"minecraft:iron_pickaxe":1,"minecraft:furnace":1,"minecraft:cooked_chicken":2,"minecraft:stone_sword":1,"minecraft:cobbled_deepslate":99,"minecraft:wheat":2,"minecraft:raw_iron":4,"minecraft:stone_shovel":1,"minecraft:oak_planks":59,"minecraft:name_tag":1,"minecraft:oak_sapling":5,"minecraft:spider_eye":1,"minecraft:arrow":3,"minecraft:wooden_pickaxe":1,"minecraft:stone_pickaxe":1,"minecraft:raw_gold":8,"minecraft:egg":1},"minecraft:custom":{"minecraft:mob_kills":15,"minecraft:interact_with_crafting_table":38,"minecraft:leave_game":2,"minecraft:time_since_death":76390,"minecraft:climb_one_cm":2355,"minecraft:sprint_one_cm":338933,"minecraft:walk_one_cm":649297,"minecraft:drop":43,"minecraft:talked_to_villager":3,"minecraft:play_time":335337,"minecraft:deaths":21,"minecraft:sneak_time":939,"minecraft:walk_under_water_one_cm":60724,"minecraft:boat_one_cm":919135,"minecraft:jump":1976,"minecraft:walk_on_water_one_cm":51812,"minecraft:total_world_time":335337,"minecraft:interact_with_furnace":10,"minecraft:interact_with_cartography_table":1,"minecraft:sleep_in_bed":9,"minecraft:time_since_rest":15672,"minecraft:damage_taken":6554,"minecraft:damage_dealt":2164,"minecraft:swim_one_cm":57473,"minecraft:fly_one_cm":159152,"minecraft:open_chest":30,"minecraft:crouch_one_cm":499,"minecraft:fall_one_cm":60584}},"DataVersion":3839}