{"stats":{"minecraft:crafted":{"minecraft:wooden_sword":1,"minecraft:oak_door":3,"minecraft:oak_planks":284,"minecraft:stone_shovel":1,"minecraft:furnace":5,"minecraft:iron_boots":1,"minecraft:stone_pickaxe":6,"minecraft:chest":1,"minecraft:cooked_beef":1,"minecraft:wooden_shovel":3,"minecraft:crafting_table":18,"minecraft:wooden_pickaxe":5,"minecraft:bucket":1,"minecraft:acacia_boat":1,"minecraft:bread":18,"minecraft:air":0,"minecraft:oak_boat":4,"minecraft:iron_chestplate":1,"minecraft:stick":140,"minecraft:iron_ingot":14,"minecraft:iron_pickaxe":2,"minecraft:wooden_axe":1,"minecraft:stone_sword":4,"minecraft:iron_leggings":1,"minecraft:acacia_planks":112,"minecraft:torch":64},"minecraft:custom":{"minecraft:mob_kills":18,"minecraft:interact_with_crafting_table":43,"minecraft:leave_game":2,"minecraft:time_since_death":17498,"minecraft:climb_one_cm":2355,"minecraft:sprint_one_cm":463135,"minecraft:walk_one_cm":852395,"minecraft:drop":93,"minecraft:talked_to_villager":3,"minecraft:play_time":395142,"minecraft:sneak_time":1442,"minecraft:deaths":22,"minecraft:walk_under_water_one_cm":113818,"minecraft:boat_one_cm":953745,"minecraft:jump":2634,"minecraft:walk_on_water_one_cm":83569,"minecraft:total_world_time":395142,"minecraft:interact_with_furnace":14,"minecraft:interact_with_cartography_table":1,"minecraft:sleep_in_bed":9,"minecraft:time_since_rest":17570,"minecraft:damage_taken":7475,"minecraft:damage_dealt":2934,"minecraft:swim_one_cm":100661,"minecraft:fly_one_cm":201928,"minecraft:open_chest":44,"minecraft:crouch_one_cm":543,"minecraft:fall_one_cm":74123},"minecraft:dropped":{"minecraft:bread":2,"minecraft:wheat_seeds":140,"minecraft:lapis_lazuli":54,"minecraft:golden_horse_armor":1,"minecraft:cobblestone":147,"minecraft:feather":3,"minecraft:granite":32,"minecraft:coal":64,"minecraft:diorite":32,"minecraft:wooden_axe":1,"minecraft:iron_pickaxe":2,"minecraft:acacia_planks":28,"minecraft:furnace":1,"minecraft:cooked_chicken":2,"minecraft:stone_sword":1,"minecraft:cobbled_deepslate":99,"minecraft:wheat":2,"minecraft:raw_iron":4,"minecraft:stone_shovel":1,"minecraft:oak_planks":59,"minecraft:name_tag":1,"minecraft:filled_map":1,"minecraft:oak_sapling":5,"minecraft:spider_eye":1,"minecraft:wooden_pickaxe":1,"minecraft:arrow":3,"minecraft:stone_pickaxe":2,"minecraft:raw_gold":8,"minecraft:egg":1},"minecraft:killed_by":{"minecraft:creeper":1,"minecraft:spider":3,"minecraft:cave_spider":1,"minecraft:skeleton":6,"minecraft:zombie":4,"minecraft:witch":1},"minecraft:killed":{"minecraft:spider":1,"minecraft:skeleton":1,"minecraft:chicken":2,"minecraft:wolf":1,"minecraft:pig":5,"minecraft:sheep":3,"minecraft:zombie":5},"minecraft:used":{"minecraft:stone_sword":28,"minecraft:chest":3,"minecraft:iron_sword":16,"minecraft:cooked_salmon":2,"minecraft:wooden_shovel":94,"minecraft:rotten_flesh":2,"minecraft:oak_door":1,"minecraft:iron_chestplate":1,"minecraft:orange_bed":2,"minecraft:torch":122,"minecraft:dirt":21,"minecraft:mutton":1,"minecraft:granite":11,"minecraft:wooden_axe":45,"minecraft:oak_sapling":1,"minecraft:furnace":5,"minecraft:cooked_cod":3,"minecraft:egg":2,"minecraft:cooked_beef":1,"minecraft:cobbled_deepslate":47,"minecraft:wheat_seeds":49,"minecraft:acacia_boat":1,"minecraft:water_bucket":10,"minecraft:stone_pickaxe":429,"minecraft:oak_planks":45,"minecraft:wooden_pickaxe":168,"minecraft:tnt":4,"minecraft:crafting_table":19,"minecraft:white_bed":2,"minecraft:acacia_door":2,"minecraft:chicken":2,"minecraft:bread":19,"minecraft:iron_pickaxe":471,"minecraft:wooden_sword":13,"minecraft:cobblestone":159,"minecraft:porkchop":10,"minecraft:bucket":10,"minecraft:oak_boat":7},"minecraft:mined":{"minecraft:tuff":1,"minecraft:white_bed":1,"minecraft:deepslate_diamond_ore":8,"minecraft:glow_lichen":1,"minecraft:granite":24,"minecraft:acacia_log":29,"minecraft:grass_block":31,"minecraft:furnace":1,"minecraft:iron_ore":15,"minecraft:cobbled_deepslate":2,"minecraft:andesite":5,"minecraft:deepslate_lapis_ore":4,"minecraft:deepslate_iron_ore":18,"minecraft:dirt_path":1,"minecraft:bamboo":2,"minecraft:stone":504,"minecraft:spruce_slab":5,"minecraft:orange_bed":2,"minecraft:deepslate_redstone_ore":2,"minecraft:acacia_leaves":3,"minecraft:crafting_table":3,"minecraft:torch":9,"minecraft:short_grass":31,"minecraft:chest":2,"minecraft:copper_ore":7,"minecraft:cobblestone":8,"minecraft:lapis_ore":1,"minecraft:deepslate_gold_ore":16,"minecraft:diorite":21,"minecraft:wall_torch":11,"minecraft:deepslate_copper_ore":4,"minecraft:seagrass":1,"minecraft:wheat":58,"minecraft:birch_leaves":2,"minecraft:oak_log":68,"minecraft:coal_ore":60,"minecraft:gravel":19,"minecraft:sand":1,"minecraft:dirt":112,"minecraft:cobweb":1,"minecraft:acacia_planks":1,"minecraft:oak_leaves":36,"minecraft:deepslate":273,"minecraft:fern":6},"minecraft:picked_up":{"minecraft:crafting_table":3,"minecraft:iron_chestplate":4,"minecraft:wheat":60,"minecraft:chicken":2,"minecraft:wooden_pickaxe":1,"minecraft:enchanted_book":1,"minecraft:wooden_sword":1,"minecraft:acacia_door":2,"minecraft:string":3,"minecraft:raw_copper":61,"minecraft:cooked_salmon":7,"minecraft:iron_leggings":3,"minecraft:cobbled_deepslate":367,"minecraft:bucket":1,"minecraft:oak_boat":6,"minecraft:wooden_shovel":1,"minecraft:poppy":1,"minecraft:iron_pickaxe":7,"minecraft:spruce_slab":5,"minecraft:chest":2,"minecraft:furnace":3,"minecraft:iron_boots":4,"minecraft:egg":3,"minecraft:stick":37,"minecraft:raw_iron":37,"minecraft:oak_door":2,"minecraft:torch":225,"minecraft:acacia_log":28,"minecraft:porkchop":10,"minecraft:diorite":64,"minecraft:carrot":8,"minecraft:redstone":10,"minecraft:iron_horse_armor":1,"minecraft:orange_bed":2,"minecraft:rotten_flesh":10,"minecraft:stone_sword":5,"minecraft:arrow":5,"minecraft:stone_shovel":1,"minecraft:cooked_cod":2,"minecraft:gold_ingot":5,"minecraft:mutton":11,"minecraft:rail":1,"minecraft:white_wool":6,"minecraft:cobblestone":973,"minecraft:feather":4,"minecraft:glow_ink_sac":1,"minecraft:water_bucket":2,"minecraft:andesite":6,"minecraft:potato":5,"minecraft:filled_map":2,"minecraft:flint":4,"minecraft:oak_log":71,"minecraft:gunpowder":2,"minecraft:acacia_boat":1,"minecraft:lapis_lazuli":84,"minecraft:dirt":212,"minecraft:name_tag":1,"minecraft:leather_boots":1,"minecraft:bone":13,"minecraft:acacia_planks":22,"minecraft:kelp":34,"minecraft:wheat_seeds":304,"minecraft:raw_gold":24,"minecraft:stone_pickaxe":5,"minecraft:iron_ingot":8,"minecraft:cooked_chicken":4,"minecraft:tall_grass":1,"minecraft:bamboo":14,"minecraft:iron_sword":2,"minecraft:oak_planks":59,"minecraft:quartz":13,"minecraft:gravel":105,"minecraft:white_bed":1,"minecraft:spider_eye":3,"minecraft:diamond":29,"minecraft:stone_axe":1,"minecraft:iron_helmet":2,"minecraft:granite":53,"minecraft:golden_apple":1,"minecraft:gray_wool":2,"minecraft:golden_horse_armor":1,"minecraft:bread":18,"minecraft:oak_sapling":7,"minecraft:coal":136,"minecraft:diamond_pickaxe":1},"minecraft:broken":{"minecraft:wooden_pickaxe":1,"minecraft:stone_pickaxe":2,"minecraft:iron_pickaxe":1}},"DataVersion":3839}