{"stats":{"minecraft:crafted":{"minecraft:wooden_sword":1,"minecraft:oak_door":3,"minecraft:oak_planks":284,"minecraft:stone_shovel":1,"minecraft:furnace":5,"minecraft:diamond_helmet":1,"minecraft:diamond_leggings":1,"minecraft:iron_boots":1,"minecraft:stone_pickaxe":6,"minecraft:chest":1,"minecraft:diamond_boots":1,"minecraft:cooked_beef":1,"minecraft:wooden_shovel":3,"minecraft:diamond_sword":1,"minecraft:diamond_axe":1,"minecraft:crafting_table":19,"minecraft:wooden_pickaxe":5,"minecraft:bucket":1,"minecraft:acacia_boat":2,"minecraft:bread":18,"minecraft:air":0,"minecraft:oak_boat":4,"minecraft:iron_chestplate":1,"minecraft:diamond_pickaxe":1,"minecraft:stick":140,"minecraft:iron_ingot":14,"minecraft:iron_pickaxe":2,"minecraft:wooden_axe":1,"minecraft:stone_sword":4,"minecraft:iron_leggings":1,"minecraft:acacia_planks":112,"minecraft:torch":64,"minecraft:diamond_chestplate":1},"minecraft:custom":{"minecraft:mob_kills":18,"minecraft:interact_with_crafting_table":49,"minecraft:leave_game":2,"minecraft:time_since_death":53498,"minecraft:climb_one_cm":2355,"minecraft:sprint_one_cm":528261,"minecraft:walk_one_cm":929460,"minecraft:drop":103,"minecraft:talked_to_villager":3,"minecraft:play_time":431142,"minecraft:sneak_time":1725,"minecraft:deaths":22,"minecraft:walk_under_water_one_cm":153467,"minecraft:boat_one_cm":1169396,"minecraft:jump":3080,"minecraft:walk_on_water_one_cm":100144,"minecraft:total_world_time":431142,"minecraft:interact_with_furnace":14,"minecraft:interact_with_cartography_table":1,"minecraft:sleep_in_bed":9,"minecraft:time_since_rest":53570,"minecraft:open_enderchest":4,"minecraft:damage_taken":7953,"minecraft:damage_dealt":2940,"minecraft:swim_one_cm":114319,"minecraft:fly_one_cm":271258,"minecraft:open_chest":58,"minecraft:crouch_one_cm":543,"minecraft:fall_one_cm":83584},"minecraft:dropped":{"minecraft:bread":2,"minecraft:wheat_seeds":140,"minecraft:lapis_lazuli":54,"minecraft:golden_horse_armor":1,"minecraft:cobblestone":147,"minecraft:feather":3,"minecraft:granite":32,"minecraft:coal":64,"minecraft:dirt":20,"minecraft:diorite":32,"minecraft:wooden_axe":1,"minecraft:sand":102,"minecraft:iron_pickaxe":2,"minecraft:acacia_planks":28,"minecraft:gravel":1,"minecraft:furnace":1,"minecraft:cooked_chicken":2,"minecraft:stone_sword":1,"minecraft:cobbled_deepslate":157,"minecraft:wheat":3,"minecraft:raw_iron":4,"minecraft:stone_shovel":1,"minecraft:oak_planks":59,"minecraft:name_tag":1,"minecraft:filled_map":2,"minecraft:diamond_pickaxe":1,"minecraft:oak_sapling":5,"minecraft:spider_eye":1,"minecraft:spruce_slab":5,"minecraft:sandstone":64,"minecraft:wooden_pickaxe":1,"minecraft:arrow":3,"minecraft:stone_pickaxe":2,"minecraft:raw_gold":8,"minecraft:egg":1},"minecraft:killed_by":{"minecraft:creeper":1,"minecraft:spider":3,"minecraft:cave_spider":1,"minecraft:skeleton":6,"minecraft:zombie":4,"minecraft:witch":1},"minecraft:killed":{"minecraft:spider":1,"minecraft:skeleton":1,"minecraft:chicken":2,"minecraft:wolf":1,"minecraft:pig":5,"minecraft:sheep":3,"minecraft:zombie":5},"minecraft:used":{"minecraft:stone_sword":28,"minecraft:chest":3,"minecraft:iron_sword":16,"minecraft:cooked_salmon":6,"minecraft:wooden_shovel":94,"minecraft:rotten_flesh":2,"minecraft:oak_door":1,"minecraft:iron_chestplate":1,"minecraft:orange_bed":2,"minecraft:torch":134,"minecraft:dirt":21,"minecraft:mutton":1,"minecraft:carrot":2,"minecraft:granite":11,"minecraft:wooden_axe":45,"minecraft:oak_sapling":1,"minecraft:furnace":5,"minecraft:cooked_cod":3,"minecraft:egg":2,"minecraft:cooked_beef":1,"minecraft:cobbled_deepslate":53,"minecraft:wheat_seeds":49,"minecraft:acacia_boat":3,"minecraft:water_bucket":13,"minecraft:stone_pickaxe":429,"minecraft:oak_planks":45,"minecraft:wooden_pickaxe":168,"minecraft:diamond_axe":19,"minecraft:tnt":41,"minecraft:crafting_table":20,"minecraft:white_bed":2,"minecraft:diamond_pickaxe":18,"minecraft:acacia_door":2,"minecraft:chicken":2,"minecraft:bread":23,"minecraft:iron_pickaxe":490,"minecraft:diamond_sword":1,"minecraft:wooden_sword":13,"minecraft:cobblestone":186,"minecraft:porkchop":10,"minecraft:bucket":13,"minecraft:oak_boat":7},"minecraft:mined":{"minecraft:tuff":1,"minecraft:white_bed":1,"minecraft:deepslate_diamond_ore":8,"minecraft:glow_lichen":1,"minecraft:granite":24,"minecraft:acacia_log":29,"minecraft:grass_block":31,"minecraft:sandstone":4,"minecraft:hay_block":11,"minecraft:furnace":1,"minecraft:iron_ore":15,"minecraft:cobbled_deepslate":2,"minecraft:andesite":8,"minecraft:deepslate_lapis_ore":4,"minecraft:deepslate_iron_ore":18,"minecraft:dirt_path":1,"minecraft:bamboo":2,"minecraft:stone":510,"minecraft:spruce_slab":10,"minecraft:orange_bed":2,"minecraft:deepslate_redstone_ore":2,"minecraft:acacia_leaves":3,"minecraft:crafting_table":3,"minecraft:torch":12,"minecraft:short_grass":33,"minecraft:chest":2,"minecraft:copper_ore":7,"minecraft:cobblestone":8,"minecraft:lapis_ore":1,"minecraft:deepslate_gold_ore":16,"minecraft:diorite":21,"minecraft:wall_torch":17,"minecraft:deepslate_copper_ore":4,"minecraft:seagrass":1,"minecraft:wheat":59,"minecraft:birch_leaves":2,"minecraft:tnt":3,"minecraft:oak_log":68,"minecraft:coal_ore":64,"minecraft:gravel":19,"minecraft:sand":1,"minecraft:dirt":112,"minecraft:cobweb":1,"minecraft:acacia_planks":1,"minecraft:netherrack":1,"minecraft:oak_leaves":36,"minecraft:deepslate":292,"minecraft:fern":6},"minecraft:picked_up":{"minecraft:crafting_table":3,"minecraft:iron_chestplate":4,"minecraft:wheat":60,"minecraft:chicken":2,"minecraft:wooden_pickaxe":1,"minecraft:enchanted_book":1,"minecraft:wooden_sword":1,"minecraft:acacia_door":2,"minecraft:string":3,"minecraft:raw_copper":61,"minecraft:cooked_salmon":7,"minecraft:iron_leggings":3,"minecraft:cobbled_deepslate":399,"minecraft:bucket":1,"minecraft:oak_boat":6,"minecraft:wooden_shovel":1,"minecraft:poppy":1,"minecraft:iron_pickaxe":7,"minecraft:spruce_slab":10,"minecraft:chest":2,"minecraft:furnace":3,"minecraft:iron_boots":4,"minecraft:egg":3,"minecraft:stick":37,"minecraft:raw_iron":37,"minecraft:sandstone":120,"minecraft:oak_door":2,"minecraft:torch":236,"minecraft:acacia_log":28,"minecraft:porkchop":10,"minecraft:diorite":66,"minecraft:carrot":8,"minecraft:redstone":10,"minecraft:iron_horse_armor":1,"minecraft:tnt":19,"minecraft:orange_bed":2,"minecraft:rotten_flesh":16,"minecraft:stone_sword":5,"minecraft:arrow":6,"minecraft:stone_shovel":1,"minecraft:cooked_cod":2,"minecraft:hay_block":12,"minecraft:gold_ingot":5,"minecraft:mutton":11,"minecraft:rail":1,"minecraft:white_wool":6,"minecraft:cobblestone":1001,"minecraft:feather":4,"minecraft:glow_ink_sac":1,"minecraft:water_bucket":2,"minecraft:andesite":21,"minecraft:potato":5,"minecraft:filled_map":3,"minecraft:flint":4,"minecraft:oak_log":71,"minecraft:gunpowder":2,"minecraft:acacia_boat":1,"minecraft:lapis_lazuli":84,"minecraft:dirt":232,"minecraft:name_tag":1,"minecraft:leather_boots":1,"minecraft:bone":13,"minecraft:acacia_planks":44,"minecraft:kelp":35,"minecraft:wheat_seeds":306,"minecraft:raw_gold":24,"minecraft:stone_pickaxe":5,"minecraft:iron_ingot":8,"minecraft:cooked_chicken":4,"minecraft:tall_grass":1,"minecraft:bamboo":14,"minecraft:iron_sword":2,"minecraft:oak_planks":59,"minecraft:quartz":13,"minecraft:gravel":105,"minecraft:sand":102,"minecraft:white_bed":1,"minecraft:spider_eye":3,"minecraft:diamond":70,"minecraft:stone_axe":1,"minecraft:iron_helmet":2,"minecraft:granite":53,"minecraft:golden_apple":1,"minecraft:gray_wool":2,"minecraft:golden_horse_armor":1,"minecraft:bread":18,"minecraft:oak_sapling":7,"minecraft:netherrack":5,"minecraft:coal":144,"minecraft:ender_pearl":1,"minecraft:diamond_pickaxe":2},"minecraft:broken":{"minecraft:wooden_pickaxe":1,"minecraft:stone_pickaxe":2,"minecraft:iron_pickaxe":1}},"DataVersion":3839}