{"stats":{"minecraft:crafted":{"minecraft:wooden_sword":1,"minecraft:oak_door":3,"minecraft:oak_planks":284,"minecraft:stone_shovel":1,"minecraft:furnace":5,"minecraft:iron_boots":1,"minecraft:stone_pickaxe":6,"minecraft:chest":1,"minecraft:cooked_beef":1,"minecraft:wooden_shovel":3,"minecraft:crafting_table":18,"minecraft:wooden_pickaxe":5,"minecraft:bucket":1,"minecraft:acacia_boat":1,"minecraft:bread":18,"minecraft:air":0,"minecraft:oak_boat":4,"minecraft:iron_chestplate":1,"minecraft:stick":140,"minecraft:iron_ingot":14,"minecraft:iron_pickaxe":2,"minecraft:wooden_axe":1,"minecraft:stone_sword":4,"minecraft:iron_leggings":1,"minecraft:acacia_planks":112,"minecraft:torch":64},"minecraft:custom":{"minecraft:mob_kills":15,"minecraft:interact_with_crafting_table":43,"minecraft:leave_game":2,"minecraft:time_since_death":118195,"minecraft:climb_one_cm":2355,"minecraft:sprint_one_cm":414314,"minecraft:walk_one_cm":780465,"minecraft:drop":92,"minecraft:talked_to_villager":3,"minecraft:play_time":377142,"minecraft:sneak_time":1402,"minecraft:deaths":21,"minecraft:walk_under_water_one_cm":112696,"minecraft:boat_one_cm":953745,"minecraft:jump":2403,"minecraft:walk_on_water_one_cm":65085,"minecraft:total_world_time":377142,"minecraft:interact_with_furnace":14,"minecraft:interact_with_cartography_table":1,"minecraft:sleep_in_bed":9,"minecraft:time_since_rest":57477,"minecraft:damage_taken":6828,"minecraft:damage_dealt":2213,"minecraft:swim_one_cm":100661,"minecraft:fly_one_cm":188801,"minecraft:open_chest":44,"minecraft:crouch_one_cm":526,"minecraft:fall_one_cm":68003},"minecraft:dropped":{"minecraft:bread":2,"minecraft:wheat_seeds":140,"minecraft:lapis_lazuli":54,"minecraft:golden_horse_armor":1,"minecraft:cobblestone":147,"minecraft:feather":3,"minecraft:granite":32,"minecraft:coal":64,"minecraft:diorite":32,"minecraft:wooden_axe":1,"minecraft:iron_pickaxe":2,"minecraft:acacia_planks":28,"minecraft:furnace":1,"minecraft:cooked_chicken":2,"minecraft:stone_sword":1,"minecraft:cobbled_deepslate":99,"minecraft:wheat":2,"minecraft:raw_iron":4,"minecraft:stone_shovel":1,"minecraft:oak_planks":59,"minecraft:name_tag":1,"minecraft:oak_sapling":5,"minecraft:spider_eye":1,"minecraft:wooden_pickaxe":1,"minecraft:arrow":3,"minecraft:stone_pickaxe":2,"minecraft:raw_gold":8,"minecraft:egg":1},"minecraft:killed_by":{"minecraft:creeper":1,"minecraft:spider":3,"minecraft:skeleton":6,"minecraft:zombie":4,"minecraft:witch":1},"minecraft:killed":{"minecraft:spider":1,"minecraft:skeleton":1,"minecraft:chicken":2,"minecraft:wolf":1,"minecraft:pig":5,"minecraft:sheep":3,"minecraft:zombie":2},"minecraft:used":{"minecraft:stone_sword":28,"minecraft:chest":3,"minecraft:iron_sword":1,"minecraft:cooked_salmon":2,"minecraft:wooden_shovel":94,"minecraft:rotten_flesh":2,"minecraft:oak_door":1,"minecraft:iron_chestplate":1,"minecraft:orange_bed":2,"minecraft:torch":53,"minecraft:dirt":21,"minecraft:mutton":1,"minecraft:wooden_axe":45,"minecraft:oak_sapling":1,"minecraft:furnace":5,"minecraft:cooked_cod":1,"minecraft:egg":2,"minecraft:cooked_beef":1,"minecraft:cobbled_deepslate":21,"minecraft:wheat_seeds":49,"minecraft:acacia_boat":1,"minecraft:water_bucket":7,"minecraft:stone_pickaxe":427,"minecraft:oak_planks":45,"minecraft:wooden_pickaxe":168,"minecraft:tnt":4,"minecraft:crafting_table":19,"minecraft:white_bed":2,"minecraft:acacia_door":2,"minecraft:chicken":2,"minecraft:bread":14,"minecraft:iron_pickaxe":436,"minecraft:wooden_sword":13,"minecraft:cobblestone":159,"minecraft:porkchop":10,"minecraft:bucket":6,"minecraft:oak_boat":7},"minecraft:mined":{"minecraft:tuff":1,"minecraft:white_bed":1,"minecraft:deepslate_diamond_ore":8,"minecraft:glow_lichen":1,"minecraft:granite":23,"minecraft:acacia_log":29,"minecraft:grass_block":31,"minecraft:furnace":1,"minecraft:iron_ore":15,"minecraft:andesite":5,"minecraft:deepslate_lapis_ore":4,"minecraft:deepslate_iron_ore":18,"minecraft:dirt_path":1,"minecraft:bamboo":2,"minecraft:stone":504,"minecraft:spruce_slab":5,"minecraft:orange_bed":2,"minecraft:acacia_leaves":3,"minecraft:crafting_table":3,"minecraft:torch":6,"minecraft:short_grass":31,"minecraft:chest":2,"minecraft:copper_ore":7,"minecraft:cobblestone":8,"minecraft:lapis_ore":1,"minecraft:deepslate_gold_ore":9,"minecraft:diorite":21,"minecraft:wall_torch":10,"minecraft:deepslate_copper_ore":4,"minecraft:seagrass":1,"minecraft:wheat":58,"minecraft:birch_leaves":2,"minecraft:oak_log":68,"minecraft:coal_ore":60,"minecraft:gravel":19,"minecraft:sand":1,"minecraft:dirt":112,"minecraft:acacia_planks":1,"minecraft:oak_leaves":36,"minecraft:deepslate":252,"minecraft:fern":6},"minecraft:picked_up":{"minecraft:crafting_table":3,"minecraft:iron_chestplate":3,"minecraft:wheat":58,"minecraft:chicken":2,"minecraft:wooden_pickaxe":1,"minecraft:acacia_door":2,"minecraft:string":3,"minecraft:raw_copper":45,"minecraft:cooked_salmon":3,"minecraft:iron_leggings":2,"minecraft:cobbled_deepslate":267,"minecraft:oak_boat":6,"minecraft:poppy":1,"minecraft:iron_pickaxe":6,"minecraft:spruce_slab":5,"minecraft:chest":2,"minecraft:furnace":2,"minecraft:iron_boots":3,"minecraft:egg":3,"minecraft:stick":17,"minecraft:raw_iron":35,"minecraft:torch":108,"minecraft:acacia_log":28,"minecraft:porkchop":10,"minecraft:diorite":64,"minecraft:iron_horse_armor":1,"minecraft:orange_bed":2,"minecraft:rotten_flesh":10,"minecraft:stone_sword":4,"minecraft:arrow":5,"minecraft:stone_shovel":1,"minecraft:mutton":11,"minecraft:white_wool":6,"minecraft:cobblestone":887,"minecraft:feather":4,"minecraft:glow_ink_sac":1,"minecraft:water_bucket":2,"minecraft:andesite":6,"minecraft:filled_map":1,"minecraft:flint":4,"minecraft:oak_log":71,"minecraft:gunpowder":2,"minecraft:lapis_lazuli":84,"minecraft:dirt":192,"minecraft:name_tag":1,"minecraft:bone":9,"minecraft:acacia_planks":14,"minecraft:kelp":34,"minecraft:wheat_seeds":304,"minecraft:raw_gold":17,"minecraft:stone_pickaxe":4,"minecraft:iron_ingot":1,"minecraft:cooked_chicken":4,"minecraft:tall_grass":1,"minecraft:bamboo":14,"minecraft:iron_sword":1,"minecraft:oak_planks":59,"minecraft:quartz":13,"minecraft:gravel":104,"minecraft:white_bed":1,"minecraft:spider_eye":3,"minecraft:diamond":8,"minecraft:stone_axe":1,"minecraft:iron_helmet":2,"minecraft:granite":42,"minecraft:gray_wool":2,"minecraft:golden_horse_armor":1,"minecraft:bread":13,"minecraft:oak_sapling":7,"minecraft:coal":136,"minecraft:diamond_pickaxe":1},"minecraft:broken":{"minecraft:wooden_pickaxe":1,"minecraft:stone_pickaxe":2,"minecraft:iron_pickaxe":1}},"DataVersion":3839}