{"stats":{"minecraft:killed":{"minecraft:spider":1,"minecraft:skeleton":1,"minecraft:chicken":2,"minecraft:wolf":1,"minecraft:pig":8,"minecraft:sheep":10,"minecraft:zombie":7,"minecraft:enderman":2},"minecraft:used":{"minecraft:netherite_sword":9,"minecraft:stone_sword":28,"minecraft:flint_and_steel":169,"minecraft:chest":3,"minecraft:iron_sword":16,"minecraft:cooked_salmon":6,"minecraft:oak_door":1,"minecraft:wooden_shovel":94,"minecraft:rotten_flesh":2,"minecraft:netherrack":2,"minecraft:iron_chestplate":1,"minecraft:orange_bed":2,"minecraft:torch":224,"minecraft:dirt":30,"minecraft:mutton":1,"minecraft:carrot":2,"minecraft:orange_wool":3,"minecraft:granite":11,"minecraft:dark_oak_planks":7,"minecraft:wooden_axe":45,"minecraft:red_carpet":1,"minecraft:bow":44,"minecraft:cooked_cod":3,"minecraft:oak_sapling":1,"minecraft:furnace":5,"minecraft:netherite_pickaxe":51,"minecraft:egg":2,"minecraft:cooked_beef":6,"minecraft:cobbled_deepslate":108,"minecraft:wheat_seeds":49,"minecraft:acacia_boat":8,"minecraft:water_bucket":14,"minecraft:birch_planks":1,"minecraft:baked_potato":24,"minecraft:oak_planks":45,"minecraft:stone_pickaxe":429,"minecraft:ender_pearl":20,"minecraft:wooden_pickaxe":168,"minecraft:diamond_axe":75,"minecraft:white_wool":8,"minecraft:tnt":182,"minecraft:crafting_table":20,"minecraft:white_bed":2,"minecraft:end_stone":43,"minecraft:ender_eye":1,"minecraft:diamond_pickaxe":191,"minecraft:acacia_door":2,"minecraft:chicken":2,"minecraft:bread":25,"minecraft:melon_slice":37,"minecraft:iron_pickaxe":490,"minecraft:diamond_sword":47,"minecraft:wooden_sword":13,"minecraft:cobblestone":233,"minecraft:porkchop":10,"minecraft:bucket":14,"minecraft:oak_boat":7,"minecraft:gray_wool":53},"minecraft:picked_up":{"minecraft:iron_chestplate":4,"minecraft:crafting_table":3,"minecraft:wheat":60,"minecraft:ladder":1,"minecraft:chicken":2,"minecraft:diamond_sword":1,"minecraft:wooden_pickaxe":1,"minecraft:enchanted_book":1,"minecraft:white_carpet":1,"minecraft:string":3,"minecraft:cooked_salmon":7,"minecraft:raw_copper":61,"minecraft:acacia_door":2,"minecraft:wooden_sword":1,"minecraft:flint_and_steel":1,"minecraft:iron_leggings":3,"minecraft:diamond_leggings":1,"minecraft:deepslate_tiles":6,"minecraft:cobbled_deepslate":512,"minecraft:bucket":1,"minecraft:oak_boat":6,"minecraft:ender_eye":1,"minecraft:light_gray_wool":1,"minecraft:iron_nugget":10,"minecraft:wooden_shovel":1,"minecraft:poppy":1,"minecraft:iron_pickaxe":8,"minecraft:spruce_slab":10,"minecraft:melon_slice":132,"minecraft:chest":4,"minecraft:furnace":4,"minecraft:iron_boots":4,"minecraft:egg":3,"minecraft:end_stone":51,"minecraft:raw_iron":37,"minecraft:stick":54,"minecraft:sandstone":184,"minecraft:oak_door":2,"minecraft:torch":306,"minecraft:acacia_log":28,"minecraft:porkchop":17,"minecraft:diorite":66,"minecraft:carrot":14,"minecraft:redstone":20,"minecraft:iron_horse_armor":1,"minecraft:dark_oak_planks":7,"minecraft:brown_carpet":1,"minecraft:tnt":90,"minecraft:orange_bed":2,"minecraft:stone_sword":5,"minecraft:arrow":6,"minecraft:stone_shovel":1,"minecraft:rotten_flesh":33,"minecraft:diamond_chestplate":1,"minecraft:cooked_cod":2,"minecraft:vex_armor_trim_smithing_template":1,"minecraft:diamond_boots":1,"minecraft:hay_block":41,"minecraft:cracked_deepslate_bricks":1,"minecraft:gold_ingot":5,"minecraft:mutton":22,"minecraft:rail":1,"minecraft:white_wool":21,"minecraft:cobblestone":1104,"minecraft:feather":4,"minecraft:glow_ink_sac":1,"minecraft:water_bucket":3,"minecraft:andesite":36,"minecraft:birch_planks":1,"minecraft:potato":10,"minecraft:filled_map":3,"minecraft:flint":4,"minecraft:oak_log":71,"minecraft:lily_pad":16,"minecraft:gunpowder":2,"minecraft:acacia_boat":7,"minecraft:lapis_lazuli":101,"minecraft:dirt":245,"minecraft:name_tag":1,"minecraft:leather_boots":1,"minecraft:red_carpet":4,"minecraft:bone":14,"minecraft:acacia_planks":57,"minecraft:kelp":36,"minecraft:wheat_seeds":324,"minecraft:raw_gold":24,"minecraft:iron_ingot":9,"minecraft:stone_pickaxe":6,"minecraft:cooked_chicken":4,"minecraft:tall_grass":1,"minecraft:diamond_helmet":1,"minecraft:bamboo":14,"minecraft:iron_sword":3,"minecraft:oak_planks":59,"minecraft:quartz":13,"minecraft:gravel":114,"minecraft:sand":102,"minecraft:white_bed":2,"minecraft:spider_eye":3,"minecraft:orange_wool":3,"minecraft:diamond":72,"minecraft:stone_axe":1,"minecraft:iron_helmet":2,"minecraft:granite":53,"minecraft:diamond_axe":1,"minecraft:bone_meal":1,"minecraft:golden_apple":2,"minecraft:gray_wool":388,"minecraft:emerald":10,"minecraft:golden_horse_armor":1,"minecraft:bread":27,"minecraft:oak_sapling":7,"minecraft:netherrack":10,"minecraft:melon_seeds":2,"minecraft:coal":153,"minecraft:diamond_pickaxe":3,"minecraft:ender_pearl":6},"minecraft:broken":{"minecraft:flint_and_steel":2,"minecraft:wooden_pickaxe":1,"minecraft:stone_pickaxe":2,"minecraft:iron_pickaxe":1},"minecraft:mined":{"minecraft:dark_oak_planks":6,"minecraft:tuff":1,"minecraft:spruce_planks":3,"minecraft:white_bed":2,"minecraft:deepslate_diamond_ore":8,"minecraft:orange_wool":1,"minecraft:mangrove_roots":2,"minecraft:end_stone":51,"minecraft:glow_lichen":1,"minecraft:granite":42,"minecraft:acacia_log":29,"minecraft:grass_block":34,"minecraft:jungle_planks":2,"minecraft:sandstone":4,"minecraft:hay_block":29,"minecraft:sculk_catalyst":1,"minecraft:furnace":1,"minecraft:fire":1,"minecraft:iron_ore":17,"minecraft:cobbled_deepslate":2,"minecraft:andesite":8,"minecraft:deepslate_lapis_ore":5,"minecraft:dirt_path":1,"minecraft:deepslate_iron_ore":19,"minecraft:bamboo":2,"minecraft:stone":622,"minecraft:white_wool":2,"minecraft:spruce_slab":10,"minecraft:orange_bed":2,"minecraft:deepslate_redstone_ore":2,"minecraft:acacia_leaves":3,"minecraft:glass_pane":9,"minecraft:brown_carpet":3,"minecraft:crafting_table":3,"minecraft:torch":17,"minecraft:jungle_stairs":1,"minecraft:short_grass":37,"minecraft:melon":24,"minecraft:chest":4,"minecraft:sculk_sensor":6,"minecraft:copper_ore":7,"minecraft:tall_grass":3,"minecraft:cobblestone":8,"minecraft:deepslate_gold_ore":16,"minecraft:lapis_ore":1,"minecraft:sculk":6,"minecraft:wall_torch":20,"minecraft:diorite":34,"minecraft:deepslate_copper_ore":4,"minecraft:seagrass":1,"minecraft:gray_wool":70,"minecraft:birch_planks":1,"minecraft:wheat":59,"minecraft:birch_leaves":2,"minecraft:tnt":4,"minecraft:coal_ore":65,"minecraft:oak_log":68,"minecraft:gravel":20,"minecraft:dirt":127,"minecraft:sand":1,"minecraft:cobweb":1,"minecraft:acacia_planks":1,"minecraft:netherrack":1,"minecraft:oak_leaves":44,"minecraft:deepslate":311,"minecraft:fern":8},"minecraft:killed_by":{"minecraft:player":1,"minecraft:creeper":1,"minecraft:spider":4,"minecraft:warden":6,"minecraft:cave_spider":1,"minecraft:skeleton":6,"minecraft:witch":1,"minecraft:zombie":4},"minecraft:custom":{"minecraft:mob_kills":32,"minecraft:interact_with_crafting_table":49,"minecraft:leave_game":3,"minecraft:time_since_death":48839,"minecraft:climb_one_cm":10564,"minecraft:sprint_one_cm":925589,"minecraft:walk_one_cm":1455371,"minecraft:drop":146,"minecraft:talked_to_villager":3,"minecraft:play_time":605959,"minecraft:sneak_time":36066,"minecraft:deaths":35,"minecraft:walk_under_water_one_cm":162709,"minecraft:boat_one_cm":1454010,"minecraft:jump":4799,"minecraft:walk_on_water_one_cm":121939,"minecraft:total_world_time":605959,"minecraft:interact_with_furnace":14,"minecraft:interact_with_cartography_table":1,"minecraft:sleep_in_bed":11,"minecraft:time_since_rest":48894,"minecraft:open_enderchest":4,"minecraft:damage_taken":13689,"minecraft:damage_dealt":5001,"minecraft:swim_one_cm":152411,"minecraft:fly_one_cm":684589,"minecraft:open_chest":72,"minecraft:crouch_one_cm":88835,"minecraft:fall_one_cm":126891},"minecraft:crafted":{"minecraft:wooden_sword":1,"minecraft:oak_door":3,"minecraft:oak_planks":284,"minecraft:stone_shovel":1,"minecraft:furnace":5,"minecraft:diamond_helmet":1,"minecraft:diamond_leggings":1,"minecraft:iron_boots":1,"minecraft:stone_pickaxe":6,"minecraft:diamond_boots":1,"minecraft:chest":1,"minecraft:cooked_beef":1,"minecraft:wooden_shovel":3,"minecraft:diamond_sword":1,"minecraft:diamond_axe":1,"minecraft:crafting_table":19,"minecraft:wooden_pickaxe":5,"minecraft:bucket":1,"minecraft:bread":18,"minecraft:acacia_boat":2,"minecraft:air":0,"minecraft:oak_boat":4,"minecraft:iron_chestplate":1,"minecraft:diamond_pickaxe":1,"minecraft:stick":140,"minecraft:iron_ingot":14,"minecraft:iron_pickaxe":2,"minecraft:wooden_axe":1,"minecraft:stone_sword":4,"minecraft:iron_leggings":1,"minecraft:acacia_planks":112,"minecraft:torch":64,"minecraft:diamond_chestplate":1},"minecraft:dropped":{"minecraft:bread":2,"minecraft:acacia_boat":1,"minecraft:wheat_seeds":149,"minecraft:lapis_lazuli":54,"minecraft:tnt":4,"minecraft:ender_pearl":1,"minecraft:golden_horse_armor":1,"minecraft:cobblestone":147,"minecraft:feather":3,"minecraft:granite":32,"minecraft:coal":64,"minecraft:dirt":20,"minecraft:gray_wool":11,"minecraft:diorite":34,"minecraft:torch":2,"minecraft:wooden_axe":1,"minecraft:sand":102,"minecraft:iron_pickaxe":2,"minecraft:lily_pad":8,"minecraft:acacia_planks":28,"minecraft:gravel":1,"minecraft:furnace":1,"minecraft:kelp":1,"minecraft:cooked_chicken":2,"minecraft:stone_sword":1,"minecraft:cobbled_deepslate":157,"minecraft:wheat":3,"minecraft:raw_iron":4,"minecraft:stone_shovel":1,"minecraft:light_gray_wool":1,"minecraft:oak_planks":59,"minecraft:name_tag":1,"minecraft:filled_map":2,"minecraft:diamond_pickaxe":1,"minecraft:melon_seeds":1,"minecraft:oak_sapling":5,"minecraft:spider_eye":1,"minecraft:brown_carpet":1,"minecraft:spruce_slab":5,"minecraft:sandstone":64,"minecraft:arrow":3,"minecraft:stone_pickaxe":2,"minecraft:wooden_pickaxe":1,"minecraft:raw_gold":8,"minecraft:vex_armor_trim_smithing_template":1,"minecraft:egg":1}},"DataVersion":3839}