{"stats":{"minecraft:used":{"minecraft:stone_sword":20,"minecraft:iron_sword":1,"minecraft:wooden_shovel":69,"minecraft:cooked_salmon":2,"minecraft:rotten_flesh":2,"minecraft:iron_chestplate":1,"minecraft:torch":16,"minecraft:dirt":3,"minecraft:mutton":1,"minecraft:oak_sapling":1,"minecraft:egg":2,"minecraft:cooked_beef":1,"minecraft:cobbled_deepslate":21,"minecraft:water_bucket":4,"minecraft:stone_pickaxe":317,"minecraft:oak_planks":44,"minecraft:wooden_pickaxe":109,"minecraft:tnt":4,"minecraft:crafting_table":14,"minecraft:chicken":2,"minecraft:bread":3,"minecraft:iron_pickaxe":121,"minecraft:wooden_sword":13,"minecraft:cobblestone":15,"minecraft:porkchop":3,"minecraft:bucket":3,"minecraft:oak_boat":6},"minecraft:crafted":{"minecraft:wooden_sword":1,"minecraft:oak_planks":284,"minecraft:stone_shovel":1,"minecraft:stone_pickaxe":5,"minecraft:cooked_beef":1,"minecraft:wooden_shovel":3,"minecraft:crafting_table":14,"minecraft:wooden_pickaxe":5,"minecraft:oak_boat":4,"minecraft:stick":108,"minecraft:iron_ingot":1,"minecraft:iron_pickaxe":1,"minecraft:wooden_axe":1,"minecraft:stone_sword":3},"minecraft:killed":{"minecraft:spider":1,"minecraft:skeleton":1,"minecraft:chicken":2,"minecraft:wolf":1,"minecraft:pig":5,"minecraft:sheep":3,"minecraft:zombie":1},"minecraft:broken":{"minecraft:stone_pickaxe":2},"minecraft:killed_by":{"minecraft:creeper":1,"minecraft:spider":3,"minecraft:skeleton":6,"minecraft:witch":1,"minecraft:zombie":4},"minecraft:mined":{"minecraft:tuff":1,"minecraft:deepslate_diamond_ore":8,"minecraft:glow_lichen":1,"minecraft:granite":13,"minecraft:grass_block":29,"minecraft:iron_ore":2,"minecraft:andesite":5,"minecraft:deepslate_lapis_ore":4,"minecraft:deepslate_iron_ore":18,"minecraft:bamboo":2,"minecraft:stone":233,"minecraft:crafting_table":3,"minecraft:torch":5,"minecraft:short_grass":19,"minecraft:lapis_ore":1,"minecraft:deepslate_gold_ore":9,"minecraft:diorite":9,"minecraft:wall_torch":6,"minecraft:birch_leaves":2,"minecraft:oak_log":68,"minecraft:coal_ore":14,"minecraft:gravel":18,"minecraft:dirt":74,"minecraft:oak_leaves":36,"minecraft:deepslate":170,"minecraft:fern":6},"minecraft:picked_up":{"minecraft:crafting_table":3,"minecraft:iron_chestplate":3,"minecraft:wheat":2,"minecraft:chicken":2,"minecraft:wooden_pickaxe":1,"minecraft:string":3,"minecraft:cooked_salmon":3,"minecraft:iron_leggings":2,"minecraft:cobbled_deepslate":189,"minecraft:oak_boat":5,"minecraft:poppy":1,"minecraft:iron_pickaxe":5,"minecraft:egg":3,"minecraft:iron_boots":2,"minecraft:furnace":1,"minecraft:stick":17,"minecraft:raw_iron":22,"minecraft:torch":39,"minecraft:porkchop":10,"minecraft:diorite":64,"minecraft:iron_horse_armor":1,"minecraft:rotten_flesh":8,"minecraft:stone_sword":4,"minecraft:arrow":5,"minecraft:stone_shovel":1,"minecraft:mutton":11,"minecraft:white_wool":6,"minecraft:cobblestone":594,"minecraft:feather":4,"minecraft:water_bucket":2,"minecraft:glow_ink_sac":1,"minecraft:andesite":6,"minecraft:flint":4,"minecraft:oak_log":71,"minecraft:gunpowder":2,"minecraft:lapis_lazuli":84,"minecraft:dirt":152,"minecraft:name_tag":1,"minecraft:bone":9,"minecraft:wheat_seeds":37,"minecraft:raw_gold":17,"minecraft:iron_ingot":1,"minecraft:cooked_chicken":4,"minecraft:stone_pickaxe":3,"minecraft:bamboo":14,"minecraft:oak_planks":59,"minecraft:iron_sword":1,"minecraft:quartz":13,"minecraft:gravel":103,"minecraft:spider_eye":3,"minecraft:diamond":8,"minecraft:stone_axe":1,"minecraft:iron_helmet":2,"minecraft:granite":32,"minecraft:gray_wool":2,"minecraft:golden_horse_armor":1,"minecraft:bread":13,"minecraft:oak_sapling":7,"minecraft:coal":88,"minecraft:diamond_pickaxe":1},"minecraft:dropped":{"minecraft:bread":2,"minecraft:wheat_seeds":34,"minecraft:lapis_lazuli":54,"minecraft:golden_horse_armor":1,"minecraft:cobblestone":129,"minecraft:feather":3,"minecraft:granite":32,"minecraft:coal":64,"minecraft:diorite":32,"minecraft:iron_pickaxe":1,"minecraft:furnace":1,"minecraft:cooked_chicken":2,"minecraft:stone_sword":1,"minecraft:cobbled_deepslate":99,"minecraft:wheat":2,"minecraft:raw_iron":4,"minecraft:stone_shovel":1,"minecraft:oak_planks":59,"minecraft:name_tag":1,"minecraft:oak_sapling":5,"minecraft:spider_eye":1,"minecraft:arrow":3,"minecraft:wooden_pickaxe":1,"minecraft:stone_pickaxe":1,"minecraft:raw_gold":8,"minecraft:egg":1},"minecraft:custom":{"minecraft:mob_kills":14,"minecraft:interact_with_crafting_table":22,"minecraft:leave_game":2,"minecraft:time_since_death":16390,"minecraft:climb_one_cm":2355,"minecraft:sprint_one_cm":284129,"minecraft:walk_one_cm":549285,"minecraft:drop":39,"minecraft:talked_to_villager":1,"minecraft:play_time":275337,"minecraft:deaths":21,"minecraft:sneak_time":847,"minecraft:walk_under_water_one_cm":32245,"minecraft:boat_one_cm":384641,"minecraft:jump":1678,"minecraft:walk_on_water_one_cm":32921,"minecraft:total_world_time":275337,"minecraft:interact_with_furnace":6,"minecraft:sleep_in_bed":7,"minecraft:time_since_rest":2574,"minecraft:damage_taken":6253,"minecraft:damage_dealt":1947,"minecraft:swim_one_cm":23575,"minecraft:fly_one_cm":131639,"minecraft:open_chest":3,"minecraft:crouch_one_cm":492,"minecraft:fall_one_cm":57621}},"DataVersion":3839}