{"stats":{"minecraft:used":{"minecraft:poppy":1,"minecraft:chest":4,"minecraft:shield":14,"minecraft:white_terracotta":1,"minecraft:rotten_flesh":19,"minecraft:soul_sand":2,"minecraft:obsidian":10,"minecraft:lava_bucket":32,"minecraft:furnace":6,"minecraft:oak_sapling":2,"minecraft:egg":1,"minecraft:stone_pickaxe":410,"minecraft:oak_planks":68,"minecraft:wooden_pickaxe":10,"minecraft:diamond_axe":173,"minecraft:white_wool":4,"minecraft:golden_apple":2,"minecraft:melon_slice":5,"minecraft:bread":57,"minecraft:lectern":25,"minecraft:gravel":4,"minecraft:diamond_sword":271,"minecraft:smithing_table":1,"minecraft:andesite":20,"minecraft:oak_boat":3,"minecraft:bone_meal":60,"minecraft:experience_bottle":195,"minecraft:enchanting_table":5,"minecraft:stone_sword":104,"minecraft:flint_and_steel":33,"minecraft:stone_shovel":89,"minecraft:cooked_salmon":5,"minecraft:stone_hoe":24,"minecraft:cooked_chicken":1,"minecraft:netherrack":122,"minecraft:torch":49,"minecraft:dirt":113,"minecraft:anvil":2,"minecraft:chipped_anvil":3,"minecraft:bookshelf":20,"minecraft:oak_stairs":6,"minecraft:cooked_beef":2,"minecraft:cobbled_deepslate":240,"minecraft:wheat_seeds":33,"minecraft:cooked_mutton":3,"minecraft:water_bucket":69,"minecraft:cobblestone_stairs":4,"minecraft:fletching_table":15,"minecraft:crafting_table":20,"minecraft:oak_slab":31,"minecraft:tnt":96,"minecraft:white_bed":9,"minecraft:diamond_pickaxe":2339,"minecraft:apple":1,"minecraft:diamond_shovel":110,"minecraft:iron_pickaxe":346,"minecraft:stone_axe":45,"minecraft:cobblestone":283,"minecraft:cooked_porkchop":5,"minecraft:bucket":105,"minecraft:yellow_bed":3,"minecraft:dandelion":1},"minecraft:crafted":{"minecraft:oak_planks":524,"minecraft:cooked_chicken":3,"minecraft:diamond_shovel":1,"minecraft:bookshelf":1,"minecraft:diamond_helmet":1,"minecraft:diamond_leggings":1,"minecraft:bow":14,"minecraft:iron_boots":1,"minecraft:chest":4,"minecraft:stone_hoe":2,"minecraft:oak_slab":12,"minecraft:arrow":32,"minecraft:emerald":103,"minecraft:diamond_axe":1,"minecraft:crafting_table":15,"minecraft:wooden_pickaxe":2,"minecraft:iron_helmet":1,"minecraft:smithing_table":1,"minecraft:fletching_table":1,"minecraft:lectern":1,"minecraft:book":4,"minecraft:iron_chestplate":1,"minecraft:paper":12,"minecraft:diamond_pickaxe":2,"minecraft:shield":1,"minecraft:stick":4576,"minecraft:iron_ingot":216,"minecraft:iron_pickaxe":4,"minecraft:iron_block":17,"minecraft:stone_sword":2,"minecraft:gold_ingot":92,"minecraft:netherite_ingot":3,"minecraft:shears":1,"minecraft:stone_shovel":3,"minecraft:furnace":5,"minecraft:bone_meal":60,"minecraft:flint_and_steel":1,"minecraft:stone_pickaxe":4,"minecraft:diamond_boots":1,"minecraft:netherite_scrap":12,"minecraft:wheat":252,"minecraft:cooked_beef":11,"minecraft:diamond_sword":2,"minecraft:enchanting_table":1,"minecraft:iron_sword":1,"minecraft:cooked_salmon":7,"minecraft:bucket":4,"minecraft:stone_axe":2,"minecraft:air":0,"minecraft:bread":91,"minecraft:oak_boat":2,"minecraft:golden_apple":2,"minecraft:iron_leggings":1,"minecraft:anvil":1,"minecraft:white_bed":3,"minecraft:acacia_planks":2048,"minecraft:torch":20,"minecraft:diamond_chestplate":1},"minecraft:killed":{"minecraft:witch":1,"minecraft:spider":15,"minecraft:skeleton":18,"minecraft:chicken":7,"minecraft:pig":12,"minecraft:zombie_villager":1,"minecraft:salmon":7,"minecraft:creeper":1,"minecraft:sheep":15,"minecraft:zombie":44,"minecraft:cow":6,"minecraft:drowned":1,"minecraft:enderman":6},"minecraft:broken":{"minecraft:stone_pickaxe":2,"minecraft:iron_pickaxe":1},"minecraft:killed_by":{"minecraft:skeleton":1},"minecraft:mined":{"minecraft:white_bed":6,"minecraft:cobblestone_stairs":7,"minecraft:obsidian":14,"minecraft:granite":19,"minecraft:grass_block":41,"minecraft:magma_block":10,"minecraft:iron_ore":104,"minecraft:cobbled_deepslate":57,"minecraft:fire":19,"minecraft:deepslate_lapis_ore":16,"minecraft:anvil":1,"minecraft:fletching_table":14,"minecraft:enchanting_table":4,"minecraft:dirt_path":1,"minecraft:oak_stairs":9,"minecraft:deepslate_redstone_ore":24,"minecraft:blackstone":7,"minecraft:crimson_nylium":7,"minecraft:torch":16,"minecraft:melon":22,"minecraft:nether_quartz_ore":267,"minecraft:cobblestone":62,"minecraft:sugar_cane":16,"minecraft:oak_planks":25,"minecraft:bricks":1,"minecraft:wall_torch":15,"minecraft:deepslate_copper_ore":2,"minecraft:seagrass":1,"minecraft:white_terracotta":20,"minecraft:wheat":33,"minecraft:tnt":7,"minecraft:oak_log":123,"minecraft:sand":86,"minecraft:dirt":39,"minecraft:netherrack":1283,"minecraft:ancient_debris":12,"minecraft:oak_leaves":64,"minecraft:deepslate":330,"minecraft:nether_gold_ore":53,"minecraft:diamond_ore":1,"minecraft:tuff":3,"minecraft:deepslate_diamond_ore":57,"minecraft:oak_door":2,"minecraft:glow_lichen":2,"minecraft:weeping_vines":1,"minecraft:hay_block":28,"minecraft:redstone_ore":1,"minecraft:furnace":2,"minecraft:andesite":24,"minecraft:bookshelf":1,"minecraft:vine":1,"minecraft:deepslate_iron_ore":99,"minecraft:stripped_oak_log":9,"minecraft:stone":400,"minecraft:white_wool":4,"minecraft:oak_slab":23,"minecraft:glass_pane":4,"minecraft:soul_sand":7,"minecraft:crafting_table":5,"minecraft:short_grass":60,"minecraft:lectern":24,"minecraft:copper_ore":1,"minecraft:tall_grass":1,"minecraft:lapis_ore":14,"minecraft:deepslate_gold_ore":65,"minecraft:diorite":32,"minecraft:birch_leaves":2,"minecraft:yellow_bed":4,"minecraft:coal_ore":86,"minecraft:gravel":55,"minecraft:cobweb":2,"minecraft:chipped_anvil":1,"minecraft:gold_ore":8,"minecraft:fern":10},"minecraft:picked_up":{"minecraft:wheat":23,"minecraft:anvil":1,"minecraft:diamond_sword":10,"minecraft:oak_stairs":9,"minecraft:enchanted_book":24,"minecraft:string":28,"minecraft:raw_copper":7,"minecraft:cooked_salmon":2,"minecraft:diamond_leggings":8,"minecraft:gold_nugget":240,"minecraft:cobbled_deepslate":496,"minecraft:wooden_shovel":1,"minecraft:iron_pickaxe":3,"minecraft:melon_slice":124,"minecraft:furnace":3,"minecraft:stick":16,"minecraft:torch":43,"minecraft:diorite":23,"minecraft:stone_sword":3,"minecraft:rotten_flesh":21,"minecraft:white_terracotta":22,"minecraft:obsidian":14,"minecraft:cobblestone":654,"minecraft:nautilus_shell":1,"minecraft:enchanting_table":4,"minecraft:magma_block":10,"minecraft:feather":11,"minecraft:water_bucket":1,"minecraft:andesite":24,"minecraft:flint":12,"minecraft:tuff":1,"minecraft:lapis_lazuli":182,"minecraft:dirt":180,"minecraft:name_tag":1,"minecraft:bone":13,"minecraft:chipped_anvil":1,"minecraft:acacia_planks":40,"minecraft:bow":16,"minecraft:wheat_seeds":112,"minecraft:raw_gold":85,"minecraft:diamond_helmet":4,"minecraft:fletching_table":14,"minecraft:oak_planks":111,"minecraft:stone_hoe":1,"minecraft:cooked_porkchop":24,"minecraft:sand":84,"minecraft:diamond":62,"minecraft:granite":46,"minecraft:bone_meal":1,"minecraft:golden_horse_armor":1,"minecraft:bread":12,"minecraft:oak_sapling":18,"minecraft:netherrack":1010,"minecraft:crimson_roots":2,"minecraft:crafting_table":5,"minecraft:azure_bluet":1,"minecraft:chicken":7,"minecraft:wooden_pickaxe":1,"minecraft:shield":1,"minecraft:flint_and_steel":1,"minecraft:blackstone":8,"minecraft:beef":11,"minecraft:oak_boat":1,"minecraft:poppy":1,"minecraft:light_gray_wool":1,"minecraft:lectern":24,"minecraft:sugar_cane":54,"minecraft:egg":6,"minecraft:raw_iron":218,"minecraft:oak_door":2,"minecraft:carrot":1,"minecraft:redstone":63,"minecraft:iron_horse_armor":1,"minecraft:tnt":262,"minecraft:diamond_chestplate":4,"minecraft:arrow":26,"minecraft:stone_shovel":2,"minecraft:diamond_boots":4,"minecraft:hay_block":28,"minecraft:gold_ingot":2,"minecraft:white_wool":27,"minecraft:stripped_oak_log":10,"minecraft:salmon":14,"minecraft:leather":9,"minecraft:oak_log":121,"minecraft:ancient_debris":12,"minecraft:yellow_bed":4,"minecraft:gunpowder":2,"minecraft:cobblestone_stairs":7,"minecraft:cooked_mutton":3,"minecraft:apple":2,"minecraft:iron_ingot":3,"minecraft:stone_pickaxe":1,"minecraft:soul_sand":17,"minecraft:book":3,"minecraft:oak_slab":29,"minecraft:quartz":176,"minecraft:dandelion":2,"minecraft:gravel":175,"minecraft:white_bed":7,"minecraft:spider_eye":5,"minecraft:stone_axe":1,"minecraft:coal":173,"minecraft:ender_pearl":4},"minecraft:dropped":{"minecraft:iron_sword":1,"minecraft:lapis_lazuli":28,"minecraft:leather":1,"minecraft:dirt":6,"minecraft:crimson_roots":2,"minecraft:bone_meal":1,"minecraft:iron_pickaxe":4,"minecraft:gold_ingot":4,"minecraft:bone":4,"minecraft:gravel":1,"minecraft:blackstone":8,"minecraft:cobbled_deepslate":20,"minecraft:rotten_flesh":8,"minecraft:oak_planks":6,"minecraft:white_bed":1,"minecraft:gunpowder":2,"minecraft:beetroot_seeds":2,"minecraft:quartz":13,"minecraft:netherrack":758,"minecraft:egg":2,"minecraft:enchanted_book":24,"minecraft:water_bucket":2,"minecraft:stone_hoe":2,"minecraft:bread":21,"minecraft:wheat_seeds":43,"minecraft:smithing_table":1,"minecraft:diamond_leggings":8,"minecraft:iron_helmet":1,"minecraft:feather":3,"minecraft:cobblestone":88,"minecraft:stick":16,"minecraft:torch":13,"minecraft:cooked_salmon":4,"minecraft:diamond_helmet":4,"minecraft:iron_leggings":1,"minecraft:string":5,"minecraft:dandelion":1,"minecraft:stone_sword":2,"minecraft:stone_shovel":1,"minecraft:light_gray_wool":1,"minecraft:iron_boots":1,"minecraft:shears":1,"minecraft:flint_and_steel":1,"minecraft:diamond_sword":10,"minecraft:diamond_chestplate":4,"minecraft:iron_chestplate":1,"minecraft:andesite":2,"minecraft:oak_sapling":5,"minecraft:spider_eye":5,"minecraft:diamond_boots":4,"minecraft:bow":16,"minecraft:stone_pickaxe":1,"minecraft:wooden_pickaxe":2,"minecraft:nautilus_shell":1},"minecraft:custom":{"minecraft:animals_bred":2,"minecraft:interact_with_crafting_table":113,"minecraft:bell_ring":2,"minecraft:leave_game":1,"minecraft:time_since_death":283938,"minecraft:sprint_one_cm":893764,"minecraft:damage_blocked_by_shield":410,"minecraft:drop":198,"minecraft:talked_to_villager":179,"minecraft:play_time":361982,"minecraft:deaths":4,"minecraft:jump":5172,"minecraft:walk_on_water_one_cm":52645,"minecraft:enchant_item":65,"minecraft:interact_with_furnace":44,"minecraft:traded_with_villager":112,"minecraft:sleep_in_bed":8,"minecraft:damage_dealt":21529,"minecraft:crouch_one_cm":73490,"minecraft:horse_one_cm":3841,"minecraft:interact_with_smithing_table":3,"minecraft:mob_kills":146,"minecraft:interact_with_anvil":38,"minecraft:climb_one_cm":2307,"minecraft:walk_one_cm":721487,"minecraft:sneak_time":28995,"minecraft:walk_under_water_one_cm":15753,"minecraft:boat_one_cm":42,"minecraft:interact_with_blast_furnace":22,"minecraft:total_world_time":361982,"minecraft:time_since_rest":74574,"minecraft:damage_taken":4421,"minecraft:damage_absorbed":29,"minecraft:swim_one_cm":62893,"minecraft:fly_one_cm":744967,"minecraft:open_chest":80,"minecraft:fall_one_cm":106554}},"DataVersion":3839}