{"stats":{"minecraft:used":{"minecraft:stone_sword":104,"minecraft:enchanting_table":1,"minecraft:flint_and_steel":23,"minecraft:stone_shovel":89,"minecraft:chest":3,"minecraft:shield":14,"minecraft:cooked_salmon":5,"minecraft:cooked_chicken":1,"minecraft:rotten_flesh":19,"minecraft:stone_hoe":24,"minecraft:torch":37,"minecraft:dirt":76,"minecraft:anvil":2,"minecraft:lava_bucket":32,"minecraft:oak_sapling":1,"minecraft:furnace":5,"minecraft:egg":1,"minecraft:cobbled_deepslate":240,"minecraft:wheat_seeds":33,"minecraft:cooked_mutton":3,"minecraft:water_bucket":69,"minecraft:stone_pickaxe":410,"minecraft:wooden_pickaxe":10,"minecraft:white_wool":4,"minecraft:golden_apple":2,"minecraft:crafting_table":20,"minecraft:white_bed":4,"minecraft:diamond_pickaxe":734,"minecraft:apple":1,"minecraft:bread":44,"minecraft:melon_slice":5,"minecraft:iron_pickaxe":346,"minecraft:gravel":4,"minecraft:stone_axe":45,"minecraft:diamond_sword":266,"minecraft:cobblestone":218,"minecraft:cooked_porkchop":5,"minecraft:andesite":20,"minecraft:bucket":105,"minecraft:dandelion":1,"minecraft:oak_boat":3,"minecraft:bone_meal":60},"minecraft:crafted":{"minecraft:oak_planks":232,"minecraft:stone_shovel":3,"minecraft:cooked_chicken":3,"minecraft:furnace":4,"minecraft:bone_meal":60,"minecraft:flint_and_steel":1,"minecraft:diamond_helmet":1,"minecraft:bow":2,"minecraft:diamond_leggings":1,"minecraft:iron_boots":1,"minecraft:stone_pickaxe":4,"minecraft:chest":3,"minecraft:diamond_boots":1,"minecraft:stone_hoe":2,"minecraft:wheat":252,"minecraft:oak_slab":6,"minecraft:diamond_sword":2,"minecraft:crafting_table":15,"minecraft:enchanting_table":1,"minecraft:iron_helmet":1,"minecraft:wooden_pickaxe":2,"minecraft:iron_sword":1,"minecraft:cooked_salmon":7,"minecraft:bucket":4,"minecraft:stone_axe":2,"minecraft:bread":91,"minecraft:air":0,"minecraft:oak_boat":2,"minecraft:iron_chestplate":1,"minecraft:book":2,"minecraft:diamond_pickaxe":2,"minecraft:paper":6,"minecraft:golden_apple":2,"minecraft:shield":1,"minecraft:stick":56,"minecraft:iron_ingot":88,"minecraft:iron_pickaxe":4,"minecraft:iron_block":3,"minecraft:stone_sword":2,"minecraft:iron_leggings":1,"minecraft:gold_ingot":20,"minecraft:anvil":1,"minecraft:white_bed":2,"minecraft:torch":20,"minecraft:shears":1,"minecraft:diamond_chestplate":1},"minecraft:killed":{"minecraft:witch":1,"minecraft:spider":14,"minecraft:skeleton":18,"minecraft:chicken":7,"minecraft:drowned":1,"minecraft:pig":12,"minecraft:zombie_villager":1,"minecraft:salmon":7,"minecraft:creeper":1,"minecraft:sheep":15,"minecraft:zombie":44,"minecraft:enderman":6,"minecraft:cow":6},"minecraft:broken":{"minecraft:stone_pickaxe":2,"minecraft:iron_pickaxe":1},"minecraft:killed_by":{"minecraft:skeleton":1},"minecraft:mined":{"minecraft:diamond_ore":1,"minecraft:tuff":3,"minecraft:white_bed":2,"minecraft:deepslate_diamond_ore":57,"minecraft:obsidian":14,"minecraft:granite":19,"minecraft:glow_lichen":2,"minecraft:grass_block":27,"minecraft:hay_block":28,"minecraft:redstone_ore":1,"minecraft:furnace":2,"minecraft:iron_ore":104,"minecraft:fire":19,"minecraft:cobbled_deepslate":57,"minecraft:andesite":24,"minecraft:anvil":1,"minecraft:deepslate_lapis_ore":16,"minecraft:enchanting_table":1,"minecraft:deepslate_iron_ore":99,"minecraft:vine":1,"minecraft:stone":400,"minecraft:white_wool":4,"minecraft:deepslate_redstone_ore":24,"minecraft:crafting_table":5,"minecraft:torch":14,"minecraft:short_grass":56,"minecraft:melon":22,"minecraft:tall_grass":1,"minecraft:nether_quartz_ore":13,"minecraft:copper_ore":1,"minecraft:cobblestone":20,"minecraft:deepslate_gold_ore":65,"minecraft:lapis_ore":14,"minecraft:oak_planks":1,"minecraft:sugar_cane":16,"minecraft:wall_torch":7,"minecraft:diorite":32,"minecraft:deepslate_copper_ore":2,"minecraft:seagrass":1,"minecraft:wheat":33,"minecraft:birch_leaves":2,"minecraft:oak_log":60,"minecraft:coal_ore":86,"minecraft:gravel":51,"minecraft:dirt":37,"minecraft:cobweb":2,"minecraft:netherrack":101,"minecraft:gold_ore":8,"minecraft:chipped_anvil":1,"minecraft:oak_leaves":63,"minecraft:deepslate":330,"minecraft:fern":10},"minecraft:picked_up":{"minecraft:crafting_table":5,"minecraft:wheat":23,"minecraft:azure_bluet":1,"minecraft:chicken":7,"minecraft:anvil":1,"minecraft:wooden_pickaxe":1,"minecraft:shield":1,"minecraft:string":27,"minecraft:raw_copper":7,"minecraft:cooked_salmon":2,"minecraft:flint_and_steel":1,"minecraft:cobbled_deepslate":496,"minecraft:beef":11,"minecraft:oak_boat":1,"minecraft:wooden_shovel":1,"minecraft:iron_pickaxe":3,"minecraft:light_gray_wool":1,"minecraft:melon_slice":124,"minecraft:sugar_cane":54,"minecraft:furnace":3,"minecraft:egg":6,"minecraft:stick":15,"minecraft:raw_iron":218,"minecraft:torch":30,"minecraft:diorite":23,"minecraft:carrot":1,"minecraft:redstone":63,"minecraft:iron_horse_armor":1,"minecraft:stone_shovel":2,"minecraft:stone_sword":3,"minecraft:arrow":26,"minecraft:rotten_flesh":19,"minecraft:hay_block":28,"minecraft:gold_ingot":2,"minecraft:obsidian":14,"minecraft:white_wool":27,"minecraft:cobblestone":612,"minecraft:nautilus_shell":1,"minecraft:enchanting_table":1,"minecraft:feather":11,"minecraft:andesite":24,"minecraft:water_bucket":1,"minecraft:salmon":14,"minecraft:leather":9,"minecraft:flint":12,"minecraft:tuff":1,"minecraft:oak_log":58,"minecraft:gunpowder":2,"minecraft:lapis_lazuli":182,"minecraft:dirt":141,"minecraft:name_tag":1,"minecraft:cooked_mutton":3,"minecraft:bone":13,"minecraft:chipped_anvil":1,"minecraft:apple":1,"minecraft:bow":1,"minecraft:wheat_seeds":111,"minecraft:raw_gold":85,"minecraft:iron_ingot":3,"minecraft:stone_pickaxe":1,"minecraft:stone_hoe":1,"minecraft:oak_planks":84,"minecraft:cooked_porkchop":24,"minecraft:quartz":13,"minecraft:dandelion":2,"minecraft:gravel":119,"minecraft:white_bed":3,"minecraft:spider_eye":5,"minecraft:diamond":62,"minecraft:stone_axe":1,"minecraft:granite":46,"minecraft:bone_meal":1,"minecraft:golden_horse_armor":1,"minecraft:bread":12,"minecraft:oak_sapling":17,"minecraft:netherrack":90,"minecraft:coal":173,"minecraft:ender_pearl":4},"minecraft:dropped":{"minecraft:stone_hoe":2,"minecraft:water_bucket":2,"minecraft:bread":21,"minecraft:iron_sword":1,"minecraft:wheat_seeds":42,"minecraft:lapis_lazuli":28,"minecraft:cobblestone":88,"minecraft:feather":3,"minecraft:iron_helmet":1,"minecraft:leather":1,"minecraft:stick":16,"minecraft:dirt":4,"minecraft:torch":12,"minecraft:cooked_salmon":4,"minecraft:iron_leggings":1,"minecraft:bone_meal":1,"minecraft:iron_pickaxe":4,"minecraft:string":5,"minecraft:dandelion":1,"minecraft:gold_ingot":4,"minecraft:bone":4,"minecraft:gravel":1,"minecraft:stone_sword":2,"minecraft:cobbled_deepslate":20,"minecraft:stone_shovel":1,"minecraft:rotten_flesh":8,"minecraft:oak_planks":6,"minecraft:light_gray_wool":1,"minecraft:iron_boots":1,"minecraft:white_bed":1,"minecraft:shears":1,"minecraft:flint_and_steel":1,"minecraft:gunpowder":2,"minecraft:iron_chestplate":1,"minecraft:andesite":2,"minecraft:beetroot_seeds":2,"minecraft:oak_sapling":5,"minecraft:spider_eye":5,"minecraft:bow":1,"minecraft:wooden_pickaxe":2,"minecraft:stone_pickaxe":1,"minecraft:nautilus_shell":1,"minecraft:netherrack":26,"minecraft:quartz":13,"minecraft:egg":2},"minecraft:custom":{"minecraft:interact_with_anvil":3,"minecraft:mob_kills":145,"minecraft:animals_bred":2,"minecraft:interact_with_crafting_table":80,"minecraft:leave_game":1,"minecraft:time_since_death":157938,"minecraft:climb_one_cm":2307,"minecraft:sprint_one_cm":671836,"minecraft:walk_one_cm":485130,"minecraft:damage_blocked_by_shield":410,"minecraft:drop":107,"minecraft:talked_to_villager":15,"minecraft:play_time":235982,"minecraft:sneak_time":20966,"minecraft:deaths":4,"minecraft:walk_under_water_one_cm":15373,"minecraft:boat_one_cm":42,"minecraft:jump":3992,"minecraft:interact_with_blast_furnace":9,"minecraft:walk_on_water_one_cm":48905,"minecraft:enchant_item":10,"minecraft:total_world_time":235982,"minecraft:interact_with_furnace":35,"minecraft:sleep_in_bed":4,"minecraft:time_since_rest":2854,"minecraft:damage_taken":4071,"minecraft:damage_absorbed":29,"minecraft:damage_dealt":21165,"minecraft:swim_one_cm":56722,"minecraft:fly_one_cm":549254,"minecraft:open_chest":15,"minecraft:crouch_one_cm":53122,"minecraft:fall_one_cm":89038,"minecraft:horse_one_cm":3841}},"DataVersion":3839}