{"stats":{"minecraft:crafted":{"minecraft:oak_planks":544,"minecraft:cooked_chicken":3,"minecraft:diamond_shovel":1,"minecraft:bookshelf":1,"minecraft:diamond_helmet":1,"minecraft:bow":14,"minecraft:diamond_leggings":1,"minecraft:iron_boots":1,"minecraft:netherite_boots":1,"minecraft:chest":4,"minecraft:netherite_helmet":1,"minecraft:stone_hoe":2,"minecraft:oak_slab":12,"minecraft:arrow":32,"minecraft:emerald":103,"minecraft:diamond_axe":1,"minecraft:crafting_table":17,"minecraft:wooden_pickaxe":2,"minecraft:iron_helmet":1,"minecraft:smithing_table":1,"minecraft:fletching_table":1,"minecraft:lectern":1,"minecraft:iron_chestplate":1,"minecraft:book":4,"minecraft:paper":12,"minecraft:diamond_pickaxe":2,"minecraft:shield":1,"minecraft:stick":4592,"minecraft:iron_ingot":216,"minecraft:iron_pickaxe":4,"minecraft:iron_block":17,"minecraft:stone_sword":2,"minecraft:acacia_door":3,"minecraft:gold_ingot":92,"minecraft:netherite_ingot":3,"minecraft:shears":1,"minecraft:oak_door":3,"minecraft:stone_shovel":3,"minecraft:netherite_sword":1,"minecraft:furnace":5,"minecraft:bone_meal":60,"minecraft:flint_and_steel":1,"minecraft:netherite_chestplate":1,"minecraft:netherite_leggings":1,"minecraft:stone_pickaxe":4,"minecraft:diamond_boots":1,"minecraft:netherite_scrap":12,"minecraft:wheat":252,"minecraft:cooked_beef":11,"minecraft:diamond_sword":2,"minecraft:enchanting_table":1,"minecraft:iron_sword":1,"minecraft:cooked_salmon":7,"minecraft:bucket":4,"minecraft:stone_axe":2,"minecraft:acacia_boat":1,"minecraft:bread":91,"minecraft:air":0,"minecraft:oak_boat":2,"minecraft:golden_apple":2,"minecraft:iron_leggings":1,"minecraft:anvil":1,"minecraft:white_bed":3,"minecraft:acacia_planks":2048,"minecraft:torch":84,"minecraft:diamond_chestplate":1},"minecraft:custom":{"minecraft:animals_bred":2,"minecraft:interact_with_crafting_table":119,"minecraft:bell_ring":2,"minecraft:leave_game":1,"minecraft:time_since_death":331265,"minecraft:sprint_one_cm":1035169,"minecraft:damage_blocked_by_shield":410,"minecraft:drop":264,"minecraft:talked_to_villager":181,"minecraft:play_time":409309,"minecraft:deaths":4,"minecraft:jump":6156,"minecraft:interact_with_brewingstand":4,"minecraft:walk_on_water_one_cm":82428,"minecraft:enchant_item":65,"minecraft:interact_with_furnace":45,"minecraft:traded_with_villager":112,"minecraft:sleep_in_bed":8,"minecraft:open_enderchest":1,"minecraft:damage_dealt":25067,"minecraft:crouch_one_cm":75592,"minecraft:horse_one_cm":3841,"minecraft:interact_with_smithing_table":9,"minecraft:mob_kills":206,"minecraft:interact_with_anvil":51,"minecraft:climb_one_cm":2307,"minecraft:walk_one_cm":787055,"minecraft:sneak_time":29836,"minecraft:walk_under_water_one_cm":41467,"minecraft:boat_one_cm":1199,"minecraft:interact_with_blast_furnace":23,"minecraft:total_world_time":409309,"minecraft:time_since_rest":121901,"minecraft:damage_taken":4844,"minecraft:damage_absorbed":29,"minecraft:swim_one_cm":182655,"minecraft:fly_one_cm":932427,"minecraft:open_chest":107,"minecraft:fall_one_cm":147438},"minecraft:dropped":{"minecraft:acacia_boat":1,"minecraft:iron_sword":1,"minecraft:diamond_axe":1,"minecraft:lapis_lazuli":28,"minecraft:diamond":41,"minecraft:leather":1,"minecraft:emerald":9,"minecraft:dirt":6,"minecraft:crimson_roots":2,"minecraft:gold_nugget":4,"minecraft:bone_meal":1,"minecraft:iron_pickaxe":4,"minecraft:acacia_door":2,"minecraft:gold_ingot":4,"minecraft:bone":8,"minecraft:gravel":1,"minecraft:blackstone":8,"minecraft:sugar_cane":9,"minecraft:cobbled_deepslate":22,"minecraft:rotten_flesh":60,"minecraft:oak_planks":6,"minecraft:diamond_shovel":1,"minecraft:white_bed":1,"minecraft:gunpowder":2,"minecraft:beetroot_seeds":2,"minecraft:acacia_sapling":1,"minecraft:arrow":3,"minecraft:quartz":13,"minecraft:netherrack":758,"minecraft:egg":2,"minecraft:water_bucket":2,"minecraft:stone_hoe":2,"minecraft:enchanted_book":46,"minecraft:bread":21,"minecraft:netherite_pickaxe":1,"minecraft:wheat_seeds":45,"minecraft:smithing_table":1,"minecraft:diamond_leggings":8,"minecraft:iron_helmet":1,"minecraft:feather":9,"minecraft:cobblestone":89,"minecraft:stick":16,"minecraft:diorite":21,"minecraft:torch":77,"minecraft:cooked_salmon":4,"minecraft:diamond_helmet":4,"minecraft:iron_leggings":1,"minecraft:string":5,"minecraft:dandelion":1,"minecraft:redstone":8,"minecraft:stone_sword":3,"minecraft:tuff":1,"minecraft:diamond_hoe":1,"minecraft:stone_shovel":1,"minecraft:light_gray_wool":1,"minecraft:iron_boots":2,"minecraft:shears":1,"minecraft:flint_and_steel":1,"minecraft:filled_map":1,"minecraft:diamond_sword":10,"minecraft:diamond_chestplate":4,"minecraft:iron_chestplate":1,"minecraft:andesite":2,"minecraft:oak_boat":1,"minecraft:oak_sapling":5,"minecraft:spider_eye":9,"minecraft:diamond_boots":4,"minecraft:bow":16,"minecraft:stone_pickaxe":1,"minecraft:wooden_pickaxe":2,"minecraft:nautilus_shell":1},"minecraft:killed_by":{"minecraft:skeleton":1},"minecraft:used":{"minecraft:poppy":1,"minecraft:chest":4,"minecraft:shield":14,"minecraft:white_terracotta":1,"minecraft:rotten_flesh":19,"minecraft:soul_sand":2,"minecraft:obsidian":10,"minecraft:lava_bucket":32,"minecraft:bow":55,"minecraft:furnace":6,"minecraft:oak_sapling":2,"minecraft:egg":1,"minecraft:stone_pickaxe":410,"minecraft:oak_planks":68,"minecraft:wooden_pickaxe":10,"minecraft:diamond_axe":173,"minecraft:white_wool":4,"minecraft:golden_apple":2,"minecraft:acacia_door":1,"minecraft:melon_slice":5,"minecraft:bread":57,"minecraft:lectern":25,"minecraft:gravel":4,"minecraft:diamond_sword":271,"minecraft:smithing_table":1,"minecraft:andesite":20,"minecraft:oak_boat":3,"minecraft:bone_meal":60,"minecraft:experience_bottle":195,"minecraft:netherite_sword":66,"minecraft:enchanting_table":5,"minecraft:stone_sword":104,"minecraft:flint_and_steel":33,"minecraft:stone_shovel":89,"minecraft:ender_chest":1,"minecraft:jungle_hanging_sign":1,"minecraft:cooked_salmon":5,"minecraft:cooked_chicken":1,"minecraft:stone_hoe":24,"minecraft:netherrack":137,"minecraft:oak_door":3,"minecraft:torch":52,"minecraft:brewing_stand":1,"minecraft:dirt":113,"minecraft:anvil":2,"minecraft:chipped_anvil":3,"minecraft:bookshelf":20,"minecraft:oak_stairs":6,"minecraft:netherite_pickaxe":91,"minecraft:cooked_beef":12,"minecraft:cobbled_deepslate":240,"minecraft:wheat_seeds":33,"minecraft:cooked_mutton":3,"minecraft:water_bucket":78,"minecraft:cobblestone_stairs":4,"minecraft:fletching_table":15,"minecraft:oak_slab":31,"minecraft:tnt":96,"minecraft:crafting_table":23,"minecraft:white_bed":9,"minecraft:diamond_pickaxe":2361,"minecraft:apple":1,"minecraft:diamond_shovel":110,"minecraft:iron_pickaxe":346,"minecraft:netherite_axe":12,"minecraft:stone_axe":45,"minecraft:cobblestone":283,"minecraft:cooked_porkchop":5,"minecraft:bucket":114,"minecraft:yellow_bed":3,"minecraft:dandelion":1},"minecraft:killed":{"minecraft:cave_spider":1,"minecraft:witch":1,"minecraft:spider":18,"minecraft:skeleton":24,"minecraft:chicken":7,"minecraft:pig":12,"minecraft:zombie_villager":1,"minecraft:salmon":7,"minecraft:creeper":10,"minecraft:sheep":15,"minecraft:zombie":58,"minecraft:cow":6,"minecraft:slime":10,"minecraft:drowned":2,"minecraft:enderman":7},"minecraft:mined":{"minecraft:white_bed":6,"minecraft:cobblestone_stairs":7,"minecraft:brewing_stand":2,"minecraft:obsidian":27,"minecraft:granite":19,"minecraft:grass_block":41,"minecraft:spawner":1,"minecraft:magma_block":10,"minecraft:iron_ore":104,"minecraft:cobbled_deepslate":57,"minecraft:fire":19,"minecraft:fletching_table":14,"minecraft:deepslate_lapis_ore":16,"minecraft:anvil":1,"minecraft:enchanting_table":4,"minecraft:dirt_path":1,"minecraft:oak_stairs":9,"minecraft:deepslate_redstone_ore":25,"minecraft:blackstone":7,"minecraft:crimson_nylium":7,"minecraft:torch":18,"minecraft:melon":27,"minecraft:nether_quartz_ore":267,"minecraft:cobblestone":62,"minecraft:sugar_cane":22,"minecraft:oak_planks":25,"minecraft:bricks":1,"minecraft:wall_torch":15,"minecraft:deepslate_copper_ore":2,"minecraft:seagrass":1,"minecraft:white_terracotta":20,"minecraft:wheat":33,"minecraft:tnt":7,"minecraft:oak_log":129,"minecraft:sand":86,"minecraft:dirt":39,"minecraft:netherrack":1283,"minecraft:ancient_debris":12,"minecraft:oak_leaves":64,"minecraft:deepslate":393,"minecraft:nether_gold_ore":53,"minecraft:diamond_ore":1,"minecraft:tuff":4,"minecraft:deepslate_diamond_ore":82,"minecraft:oak_door":2,"minecraft:glow_lichen":2,"minecraft:weeping_vines":1,"minecraft:kelp":1,"minecraft:hay_block":28,"minecraft:redstone_ore":1,"minecraft:furnace":2,"minecraft:andesite":24,"minecraft:bookshelf":1,"minecraft:deepslate_iron_ore":99,"minecraft:vine":1,"minecraft:stripped_oak_log":9,"minecraft:stone":401,"minecraft:white_wool":4,"minecraft:ender_chest":1,"minecraft:oak_slab":23,"minecraft:glass_pane":4,"minecraft:soul_sand":7,"minecraft:crafting_table":6,"minecraft:short_grass":60,"minecraft:lectern":24,"minecraft:tall_grass":1,"minecraft:copper_ore":1,"minecraft:lapis_ore":14,"minecraft:deepslate_gold_ore":65,"minecraft:diorite":32,"minecraft:birch_leaves":2,"minecraft:yellow_bed":4,"minecraft:coal_ore":86,"minecraft:gravel":55,"minecraft:cobweb":6,"minecraft:chipped_anvil":1,"minecraft:gold_ore":8,"minecraft:fern":10},"minecraft:picked_up":{"minecraft:wheat":23,"minecraft:ender_chest":1,"minecraft:anvil":1,"minecraft:diamond_sword":10,"minecraft:oak_stairs":9,"minecraft:enchanted_book":46,"minecraft:brewing_stand":2,"minecraft:string":46,"minecraft:raw_copper":7,"minecraft:cooked_salmon":2,"minecraft:diamond_leggings":8,"minecraft:gold_nugget":244,"minecraft:cobbled_deepslate":552,"minecraft:wooden_shovel":1,"minecraft:iron_pickaxe":3,"minecraft:melon_slice":150,"minecraft:furnace":3,"minecraft:stick":16,"minecraft:torch":48,"minecraft:diorite":44,"minecraft:stone_sword":4,"minecraft:rotten_flesh":86,"minecraft:white_terracotta":22,"minecraft:obsidian":27,"minecraft:cobblestone":655,"minecraft:nautilus_shell":1,"minecraft:enchanting_table":4,"minecraft:magma_block":10,"minecraft:feather":14,"minecraft:water_bucket":1,"minecraft:andesite":24,"minecraft:flint":12,"minecraft:tuff":2,"minecraft:lapis_lazuli":182,"minecraft:dirt":180,"minecraft:name_tag":1,"minecraft:bone":17,"minecraft:chipped_anvil":1,"minecraft:acacia_planks":55,"minecraft:bow":16,"minecraft:wheat_seeds":114,"minecraft:raw_gold":85,"minecraft:diamond_helmet":4,"minecraft:fletching_table":14,"minecraft:stone_hoe":1,"minecraft:oak_planks":111,"minecraft:cooked_porkchop":24,"minecraft:sand":84,"minecraft:deepslate":1,"minecraft:diamond":111,"minecraft:granite":46,"minecraft:bone_meal":1,"minecraft:emerald":9,"minecraft:golden_horse_armor":1,"minecraft:bread":12,"minecraft:oak_sapling":18,"minecraft:netherrack":1010,"minecraft:crimson_roots":2,"minecraft:crafting_table":6,"minecraft:splash_potion":2,"minecraft:azure_bluet":1,"minecraft:chicken":7,"minecraft:wooden_pickaxe":1,"minecraft:shield":1,"minecraft:flint_and_steel":1,"minecraft:blackstone":8,"minecraft:deepslate_diamond_ore":14,"minecraft:beef":11,"minecraft:oak_boat":1,"minecraft:poppy":1,"minecraft:light_gray_wool":1,"minecraft:lectern":24,"minecraft:sugar_cane":63,"minecraft:diamond_hoe":1,"minecraft:egg":6,"minecraft:raw_iron":218,"minecraft:oak_door":2,"minecraft:carrot":1,"minecraft:redstone":72,"minecraft:netherite_pickaxe":1,"minecraft:iron_horse_armor":1,"minecraft:tnt":262,"minecraft:stone_shovel":2,"minecraft:arrow":34,"minecraft:diamond_chestplate":4,"minecraft:diamond_boots":4,"minecraft:hay_block":28,"minecraft:gold_ingot":2,"minecraft:white_wool":27,"minecraft:stripped_oak_log":10,"minecraft:glow_ink_sac":3,"minecraft:salmon":14,"minecraft:leather":9,"minecraft:oak_log":126,"minecraft:ancient_debris":12,"minecraft:cobblestone_stairs":7,"minecraft:yellow_bed":4,"minecraft:gunpowder":29,"minecraft:cooked_mutton":3,"minecraft:apple":2,"minecraft:iron_ingot":5,"minecraft:stone_pickaxe":1,"minecraft:acacia_sapling":2,"minecraft:soul_sand":17,"minecraft:book":3,"minecraft:oak_slab":29,"minecraft:quartz":176,"minecraft:dandelion":2,"minecraft:gravel":175,"minecraft:white_bed":7,"minecraft:spider_eye":12,"minecraft:diamond_shovel":1,"minecraft:slime_ball":14,"minecraft:stone_axe":1,"minecraft:diamond_axe":1,"minecraft:coal":186,"minecraft:ender_pearl":6},"minecraft:broken":{"minecraft:stone_pickaxe":2,"minecraft:iron_pickaxe":1}},"DataVersion":3839}