{"stats":{"minecraft:killed":{"minecraft:cave_spider":1,"minecraft:witch":1,"minecraft:spider":23,"minecraft:skeleton":27,"minecraft:chicken":7,"minecraft:pig":12,"minecraft:zombie_villager":1,"minecraft:salmon":25,"minecraft:creeper":13,"minecraft:sheep":15,"minecraft:goat":1,"minecraft:zombie":67,"minecraft:cow":13,"minecraft:slime":10,"minecraft:phantom":2,"minecraft:drowned":6,"minecraft:enderman":7},"minecraft:mined":{"minecraft:white_bed":6,"minecraft:cherry_log":81,"minecraft:cobblestone_stairs":7,"minecraft:brewing_stand":4,"minecraft:obsidian":32,"minecraft:granite":19,"minecraft:acacia_log":1,"minecraft:grass_block":42,"minecraft:spawner":1,"minecraft:tall_seagrass":1,"minecraft:magma_block":10,"minecraft:iron_ore":104,"minecraft:cobbled_deepslate":59,"minecraft:fire":19,"minecraft:pumpkin":1,"minecraft:fletching_table":14,"minecraft:deepslate_lapis_ore":16,"minecraft:anvil":2,"minecraft:enchanting_table":4,"minecraft:dirt_path":1,"minecraft:oak_stairs":9,"minecraft:deepslate_redstone_ore":26,"minecraft:blackstone":7,"minecraft:crimson_nylium":7,"minecraft:torch":19,"minecraft:melon":42,"minecraft:nether_quartz_ore":267,"minecraft:cobblestone":62,"minecraft:sugar_cane":27,"minecraft:oak_planks":25,"minecraft:bricks":1,"minecraft:wall_torch":19,"minecraft:deepslate_copper_ore":2,"minecraft:seagrass":1,"minecraft:white_terracotta":20,"minecraft:wheat":34,"minecraft:tnt":7,"minecraft:oak_log":129,"minecraft:sand":345,"minecraft:dirt":39,"minecraft:netherrack":1290,"minecraft:ancient_debris":12,"minecraft:oak_leaves":67,"minecraft:deepslate":496,"minecraft:nether_gold_ore":53,"minecraft:diamond_ore":1,"minecraft:tuff":4,"minecraft:dark_oak_leaves":41,"minecraft:deepslate_diamond_ore":108,"minecraft:oak_door":2,"minecraft:dark_oak_log":77,"minecraft:glow_lichen":2,"minecraft:weeping_vines":1,"minecraft:kelp":1,"minecraft:sandstone":142,"minecraft:hay_block":30,"minecraft:redstone_ore":1,"minecraft:furnace":2,"minecraft:acacia_wood":19,"minecraft:andesite":27,"minecraft:bookshelf":1,"minecraft:deepslate_iron_ore":99,"minecraft:vine":1,"minecraft:stripped_oak_log":9,"minecraft:packed_ice":2,"minecraft:stone":415,"minecraft:white_wool":4,"minecraft:ender_chest":15,"minecraft:oak_slab":23,"minecraft:glass_pane":4,"minecraft:soul_sand":7,"minecraft:crafting_table":6,"minecraft:short_grass":79,"minecraft:lectern":24,"minecraft:tall_grass":1,"minecraft:copper_ore":1,"minecraft:lapis_ore":14,"minecraft:deepslate_gold_ore":65,"minecraft:diorite":32,"minecraft:birch_leaves":2,"minecraft:yellow_bed":4,"minecraft:coal_ore":86,"minecraft:cherry_leaves":50,"minecraft:gravel":56,"minecraft:cobweb":6,"minecraft:chipped_anvil":1,"minecraft:gold_ore":8,"minecraft:fern":10},"minecraft:custom":{"minecraft:animals_bred":2,"minecraft:interact_with_crafting_table":124,"minecraft:bell_ring":3,"minecraft:leave_game":2,"minecraft:time_since_death":415922,"minecraft:sprint_one_cm":1268449,"minecraft:damage_blocked_by_shield":410,"minecraft:drop":305,"minecraft:talked_to_villager":184,"minecraft:play_time":493966,"minecraft:deaths":4,"minecraft:jump":7916,"minecraft:interact_with_brewingstand":4,"minecraft:walk_on_water_one_cm":116303,"minecraft:enchant_item":65,"minecraft:interact_with_furnace":49,"minecraft:traded_with_villager":112,"minecraft:interact_with_cartography_table":6,"minecraft:sleep_in_bed":8,"minecraft:open_enderchest":16,"minecraft:damage_dealt":28032,"minecraft:crouch_one_cm":87279,"minecraft:horse_one_cm":3841,"minecraft:interact_with_smithing_table":9,"minecraft:interact_with_anvil":52,"minecraft:mob_kills":263,"minecraft:climb_one_cm":2307,"minecraft:walk_one_cm":896314,"minecraft:sneak_time":34476,"minecraft:walk_under_water_one_cm":70589,"minecraft:boat_one_cm":336711,"minecraft:interact_with_blast_furnace":23,"minecraft:total_world_time":493966,"minecraft:time_since_rest":206558,"minecraft:damage_taken":5189,"minecraft:damage_absorbed":29,"minecraft:swim_one_cm":251675,"minecraft:fly_one_cm":1324909,"minecraft:open_chest":122,"minecraft:fall_one_cm":201316},"minecraft:dropped":{"minecraft:acacia_boat":1,"minecraft:iron_sword":1,"minecraft:diamond_axe":1,"minecraft:lapis_lazuli":28,"minecraft:ender_pearl":1,"minecraft:diamond":56,"minecraft:leather":1,"minecraft:emerald":9,"minecraft:dirt":6,"minecraft:packed_ice":1,"minecraft:crimson_roots":2,"minecraft:gold_nugget":4,"minecraft:bone_meal":2,"minecraft:sand":194,"minecraft:iron_pickaxe":4,"minecraft:acacia_door":2,"minecraft:gold_ingot":4,"minecraft:bone":11,"minecraft:gravel":2,"minecraft:blackstone":8,"minecraft:sugar_cane":9,"minecraft:cobbled_deepslate":22,"minecraft:wheat":1,"minecraft:rotten_flesh":74,"minecraft:oak_planks":6,"minecraft:diamond_shovel":1,"minecraft:white_bed":1,"minecraft:carrot":12,"minecraft:gunpowder":2,"minecraft:beetroot_seeds":2,"minecraft:melon_seeds":2,"minecraft:leather_boots":1,"minecraft:acacia_sapling":1,"minecraft:arrow":10,"minecraft:quartz":13,"minecraft:netherrack":758,"minecraft:egg":2,"minecraft:stone_hoe":2,"minecraft:enchanted_book":46,"minecraft:water_bucket":2,"minecraft:bread":21,"minecraft:netherite_pickaxe":1,"minecraft:wheat_seeds":56,"minecraft:tnt":16,"minecraft:smithing_table":1,"minecraft:diamond_leggings":8,"minecraft:iron_helmet":1,"minecraft:feather":9,"minecraft:cobblestone":93,"minecraft:stick":17,"minecraft:dark_oak_leaves":3,"minecraft:diorite":21,"minecraft:torch":77,"minecraft:cooked_salmon":4,"minecraft:diamond_helmet":4,"minecraft:iron_leggings":1,"minecraft:pumpkin":1,"minecraft:string":5,"minecraft:acacia_planks":22,"minecraft:dandelion":1,"minecraft:redstone":8,"minecraft:stone_sword":3,"minecraft:diamond_hoe":1,"minecraft:tuff":1,"minecraft:stone_shovel":1,"minecraft:light_gray_wool":1,"minecraft:iron_boots":2,"minecraft:shears":1,"minecraft:flint_and_steel":1,"minecraft:filled_map":5,"minecraft:diamond_sword":10,"minecraft:hay_block":1,"minecraft:diamond_chestplate":4,"minecraft:iron_chestplate":1,"minecraft:andesite":3,"minecraft:oak_boat":1,"minecraft:oak_sapling":5,"minecraft:spider_eye":12,"minecraft:diamond_boots":4,"minecraft:sandstone":54,"minecraft:bow":16,"minecraft:stone_pickaxe":1,"minecraft:wooden_pickaxe":2,"minecraft:nautilus_shell":1},"minecraft:killed_by":{"minecraft:skeleton":1},"minecraft:broken":{"minecraft:stone_pickaxe":2,"minecraft:iron_pickaxe":1},"minecraft:crafted":{"minecraft:ender_chest":1,"minecraft:oak_planks":544,"minecraft:cooked_chicken":3,"minecraft:diamond_shovel":1,"minecraft:bookshelf":1,"minecraft:diamond_helmet":1,"minecraft:bow":14,"minecraft:diamond_leggings":1,"minecraft:iron_boots":1,"minecraft:netherite_boots":1,"minecraft:chest":4,"minecraft:netherite_helmet":1,"minecraft:stone_hoe":2,"minecraft:oak_slab":12,"minecraft:arrow":32,"minecraft:emerald":103,"minecraft:diamond_axe":1,"minecraft:crafting_table":20,"minecraft:wooden_pickaxe":2,"minecraft:iron_helmet":1,"minecraft:smithing_table":1,"minecraft:fletching_table":1,"minecraft:lectern":1,"minecraft:iron_chestplate":1,"minecraft:book":4,"minecraft:paper":12,"minecraft:diamond_pickaxe":2,"minecraft:shield":1,"minecraft:stick":4592,"minecraft:iron_ingot":216,"minecraft:iron_pickaxe":4,"minecraft:iron_block":17,"minecraft:stone_sword":2,"minecraft:acacia_door":6,"minecraft:gold_ingot":92,"minecraft:netherite_ingot":3,"minecraft:shears":1,"minecraft:oak_door":3,"minecraft:stone_shovel":3,"minecraft:netherite_sword":1,"minecraft:leather_boots":1,"minecraft:furnace":5,"minecraft:bone_meal":60,"minecraft:flint_and_steel":1,"minecraft:netherite_chestplate":1,"minecraft:netherite_leggings":1,"minecraft:stone_pickaxe":4,"minecraft:diamond_boots":1,"minecraft:netherite_scrap":12,"minecraft:dark_oak_planks":4,"minecraft:wheat":252,"minecraft:cooked_beef":11,"minecraft:diamond_sword":2,"minecraft:enchanting_table":1,"minecraft:iron_sword":1,"minecraft:cooked_salmon":7,"minecraft:bucket":4,"minecraft:stone_axe":2,"minecraft:air":0,"minecraft:acacia_boat":3,"minecraft:bread":91,"minecraft:oak_boat":2,"minecraft:golden_apple":2,"minecraft:iron_leggings":1,"minecraft:anvil":1,"minecraft:white_bed":3,"minecraft:acacia_planks":2116,"minecraft:torch":84,"minecraft:diamond_chestplate":1},"minecraft:used":{"minecraft:poppy":1,"minecraft:chest":4,"minecraft:white_terracotta":1,"minecraft:shield":14,"minecraft:rotten_flesh":19,"minecraft:soul_sand":2,"minecraft:obsidian":10,"minecraft:packed_ice":1,"minecraft:lava_bucket":32,"minecraft:netherite_shovel":256,"minecraft:deepslate_diamond_ore":20,"minecraft:bow":138,"minecraft:oak_sapling":2,"minecraft:furnace":6,"minecraft:egg":1,"minecraft:stone_pickaxe":410,"minecraft:oak_planks":68,"minecraft:ender_pearl":7,"minecraft:wooden_pickaxe":10,"minecraft:diamond_axe":173,"minecraft:white_wool":4,"minecraft:golden_apple":2,"minecraft:acacia_door":4,"minecraft:melon_slice":12,"minecraft:bread":57,"minecraft:lectern":25,"minecraft:deepslate":1,"minecraft:gravel":4,"minecraft:diamond_sword":271,"minecraft:smithing_table":1,"minecraft:andesite":20,"minecraft:oak_boat":3,"minecraft:bone_meal":60,"minecraft:experience_bottle":195,"minecraft:netherite_sword":174,"minecraft:enchanting_table":5,"minecraft:stone_sword":104,"minecraft:flint_and_steel":35,"minecraft:stone_shovel":89,"minecraft:ender_chest":15,"minecraft:jungle_hanging_sign":1,"minecraft:cooked_salmon":13,"minecraft:cooked_chicken":1,"minecraft:stone_hoe":24,"minecraft:netherrack":189,"minecraft:oak_door":3,"minecraft:torch":57,"minecraft:brewing_stand":1,"minecraft:dirt":113,"minecraft:anvil":3,"minecraft:chipped_anvil":3,"minecraft:bookshelf":20,"minecraft:oak_stairs":6,"minecraft:netherite_pickaxe":381,"minecraft:cooked_beef":17,"minecraft:cobbled_deepslate":266,"minecraft:wheat_seeds":33,"minecraft:cooked_mutton":3,"minecraft:acacia_boat":5,"minecraft:water_bucket":82,"minecraft:cobblestone_stairs":4,"minecraft:fletching_table":15,"minecraft:oak_slab":31,"minecraft:tnt":96,"minecraft:crafting_table":26,"minecraft:white_bed":9,"minecraft:diamond_pickaxe":2396,"minecraft:apple":1,"minecraft:diamond_shovel":110,"minecraft:iron_pickaxe":346,"minecraft:map":1,"minecraft:netherite_axe":199,"minecraft:stone_axe":45,"minecraft:cobblestone":284,"minecraft:cooked_porkchop":5,"minecraft:bucket":118,"minecraft:yellow_bed":3,"minecraft:dandelion":1},"minecraft:picked_up":{"minecraft:wheat":24,"minecraft:ender_chest":15,"minecraft:anvil":2,"minecraft:diamond_sword":10,"minecraft:oak_stairs":9,"minecraft:enchanted_book":46,"minecraft:brewing_stand":4,"minecraft:string":50,"minecraft:raw_copper":7,"minecraft:cooked_salmon":10,"minecraft:diamond_leggings":8,"minecraft:gold_nugget":244,"minecraft:cobbled_deepslate":699,"minecraft:dark_oak_leaves":3,"minecraft:wooden_shovel":1,"minecraft:iron_pickaxe":3,"minecraft:melon_slice":231,"minecraft:furnace":3,"minecraft:stick":23,"minecraft:torch":56,"minecraft:acacia_log":1,"minecraft:cherry_log":76,"minecraft:diorite":44,"minecraft:stone_sword":4,"minecraft:rotten_flesh":105,"minecraft:white_terracotta":22,"minecraft:obsidian":32,"minecraft:cobblestone":660,"minecraft:nautilus_shell":1,"minecraft:enchanting_table":4,"minecraft:magma_block":10,"minecraft:feather":14,"minecraft:cooked_beef":26,"minecraft:water_bucket":1,"minecraft:andesite":25,"minecraft:flint":12,"minecraft:tuff":2,"minecraft:acacia_boat":4,"minecraft:lapis_lazuli":182,"minecraft:dirt":180,"minecraft:name_tag":1,"minecraft:bone":20,"minecraft:chipped_anvil":1,"minecraft:acacia_planks":55,"minecraft:bow":16,"minecraft:wheat_seeds":126,"minecraft:raw_gold":85,"minecraft:diamond_helmet":4,"minecraft:fletching_table":14,"minecraft:stone_hoe":1,"minecraft:oak_planks":111,"minecraft:cooked_porkchop":24,"minecraft:sand":279,"minecraft:grass_block":1,"minecraft:dark_oak_log":73,"minecraft:diamond":141,"minecraft:deepslate":1,"minecraft:granite":46,"minecraft:bone_meal":2,"minecraft:emerald":9,"minecraft:golden_horse_armor":1,"minecraft:bread":12,"minecraft:oak_sapling":18,"minecraft:netherrack":1013,"minecraft:crimson_roots":2,"minecraft:crafting_table":6,"minecraft:azure_bluet":1,"minecraft:splash_potion":2,"minecraft:chicken":7,"minecraft:packed_ice":2,"minecraft:wooden_pickaxe":1,"minecraft:shield":1,"minecraft:flint_and_steel":1,"minecraft:blackstone":8,"minecraft:deepslate_diamond_ore":20,"minecraft:beef":11,"minecraft:oak_boat":1,"minecraft:poppy":1,"minecraft:light_gray_wool":1,"minecraft:lectern":24,"minecraft:sugar_cane":74,"minecraft:phantom_membrane":2,"minecraft:diamond_hoe":1,"minecraft:egg":6,"minecraft:raw_iron":218,"minecraft:sandstone":54,"minecraft:oak_door":2,"minecraft:carrot":1,"minecraft:redstone":78,"minecraft:netherite_pickaxe":1,"minecraft:iron_horse_armor":1,"minecraft:tnt":262,"minecraft:stone_shovel":2,"minecraft:arrow":36,"minecraft:diamond_chestplate":4,"minecraft:diamond_boots":4,"minecraft:hay_block":29,"minecraft:gold_ingot":2,"minecraft:white_wool":27,"minecraft:stripped_oak_log":10,"minecraft:glow_ink_sac":3,"minecraft:salmon":22,"minecraft:leather":22,"minecraft:acacia_wood":16,"minecraft:filled_map":2,"minecraft:oak_log":126,"minecraft:ancient_debris":12,"minecraft:yellow_bed":4,"minecraft:gunpowder":32,"minecraft:cobblestone_stairs":7,"minecraft:cooked_mutton":3,"minecraft:apple":3,"minecraft:iron_ingot":5,"minecraft:stone_pickaxe":1,"minecraft:acacia_sapling":2,"minecraft:soul_sand":17,"minecraft:book":3,"minecraft:oak_slab":29,"minecraft:pumpkin":1,"minecraft:quartz":176,"minecraft:dandelion":2,"minecraft:gravel":176,"minecraft:white_bed":7,"minecraft:spider_eye":15,"minecraft:diamond_shovel":1,"minecraft:slime_ball":14,"minecraft:stone_axe":1,"minecraft:diamond_axe":1,"minecraft:cherry_sapling":2,"minecraft:melon_seeds":2,"minecraft:coal":186,"minecraft:ender_pearl":7}},"DataVersion":3839}